<?xml version="1.0" encoding="UTF-8"?>
<BaliMessageLog>
    <Task name="LSE_Compile">
        <Message>
            <ID>35002000</ID>
            <Severity>Info</Severity>
        </Message>
        <Message>
            <ID>35001781</ID>
            <Severity>Info</Severity>
        </Message>
        <Message>
            <ID>35901018</ID>
            <Severity>Info</Severity>
            <Dynamic>c:/fpgaprojects/segmentos7/mux_nb.v(1): </Dynamic>
            <Dynamic>mux_nb</Dynamic>
            <Navigation>c:/fpgaprojects/segmentos7/mux_nb.v</Navigation>
            <Navigation>1</Navigation>
        </Message>
        <Message>
            <ID>35901209</ID>
            <Severity>Warning</Severity>
            <Dynamic>c:/fpgaprojects/segmentos7/mux_nb.v(2): </Dynamic>
            <Dynamic>24</Dynamic>
            <Dynamic>1</Dynamic>
            <Navigation>c:/fpgaprojects/segmentos7/mux_nb.v</Navigation>
            <Navigation>2</Navigation>
        </Message>
        <Message>
            <ID>35901018</ID>
            <Severity>Info</Severity>
            <Dynamic>c:/fpgaprojects/segmentos7/segmentos7.v(1): </Dynamic>
            <Dynamic>mux_1</Dynamic>
            <Navigation>c:/fpgaprojects/segmentos7/segmentos7.v</Navigation>
            <Navigation>1</Navigation>
        </Message>
        <Message>
            <ID>35901166</ID>
            <Severity>Warning</Severity>
            <Dynamic>c:/fpgaprojects/segmentos7/segmentos7.v(13): </Dynamic>
            <Navigation>c:/fpgaprojects/segmentos7/segmentos7.v</Navigation>
            <Navigation>13</Navigation>
        </Message>
        <Message>
            <ID>35901330</ID>
            <Severity>Warning</Severity>
            <Dynamic>c:/fpgaprojects/segmentos7/mux_nb.v(3): </Dynamic>
            <Dynamic>1</Dynamic>
            <Dynamic>24</Dynamic>
            <Dynamic>a</Dynamic>
            <Navigation>c:/fpgaprojects/segmentos7/mux_nb.v</Navigation>
            <Navigation>3</Navigation>
        </Message>
        <Message>
            <ID>35901330</ID>
            <Severity>Warning</Severity>
            <Dynamic>c:/fpgaprojects/segmentos7/mux_nb.v(3): </Dynamic>
            <Dynamic>1</Dynamic>
            <Dynamic>24</Dynamic>
            <Dynamic>b</Dynamic>
            <Navigation>c:/fpgaprojects/segmentos7/mux_nb.v</Navigation>
            <Navigation>3</Navigation>
        </Message>
        <Message>
            <ID>35901330</ID>
            <Severity>Warning</Severity>
            <Dynamic>c:/fpgaprojects/segmentos7/mux_nb.v(3): </Dynamic>
            <Dynamic>1</Dynamic>
            <Dynamic>24</Dynamic>
            <Dynamic>mux_op</Dynamic>
            <Navigation>c:/fpgaprojects/segmentos7/mux_nb.v</Navigation>
            <Navigation>3</Navigation>
        </Message>
        <Message>
            <ID>35901209</ID>
            <Severity>Warning</Severity>
            <Dynamic>c:/fpgaprojects/segmentos7/mux_nb.v(7): </Dynamic>
            <Dynamic>4</Dynamic>
            <Dynamic>1</Dynamic>
            <Navigation>c:/fpgaprojects/segmentos7/mux_nb.v</Navigation>
            <Navigation>7</Navigation>
        </Message>
        <Message>
            <ID>35901209</ID>
            <Severity>Warning</Severity>
            <Dynamic>c:/fpgaprojects/segmentos7/mux_nb.v(8): </Dynamic>
            <Dynamic>4</Dynamic>
            <Dynamic>1</Dynamic>
            <Navigation>c:/fpgaprojects/segmentos7/mux_nb.v</Navigation>
            <Navigation>8</Navigation>
        </Message>
        <Message>
            <ID>35901209</ID>
            <Severity>Warning</Severity>
            <Dynamic>c:/fpgaprojects/segmentos7/mux_nb.v(9): </Dynamic>
            <Dynamic>4</Dynamic>
            <Dynamic>1</Dynamic>
            <Navigation>c:/fpgaprojects/segmentos7/mux_nb.v</Navigation>
            <Navigation>9</Navigation>
        </Message>
        <Message>
            <ID>35901209</ID>
            <Severity>Warning</Severity>
            <Dynamic>c:/fpgaprojects/segmentos7/mux_nb.v(10): </Dynamic>
            <Dynamic>4</Dynamic>
            <Dynamic>1</Dynamic>
            <Navigation>c:/fpgaprojects/segmentos7/mux_nb.v</Navigation>
            <Navigation>10</Navigation>
        </Message>
        <Message>
            <ID>35901209</ID>
            <Severity>Warning</Severity>
            <Dynamic>c:/fpgaprojects/segmentos7/mux_nb.v(11): </Dynamic>
            <Dynamic>4</Dynamic>
            <Dynamic>1</Dynamic>
            <Navigation>c:/fpgaprojects/segmentos7/mux_nb.v</Navigation>
            <Navigation>11</Navigation>
        </Message>
        <Message>
            <ID>35901209</ID>
            <Severity>Warning</Severity>
            <Dynamic>c:/fpgaprojects/segmentos7/mux_nb.v(12): </Dynamic>
            <Dynamic>4</Dynamic>
            <Dynamic>1</Dynamic>
            <Navigation>c:/fpgaprojects/segmentos7/mux_nb.v</Navigation>
            <Navigation>12</Navigation>
        </Message>
        <Message>
            <ID>35931002</ID>
            <Severity>Warning</Severity>
            <Dynamic>c:/fpgaprojects/segmentos7/mux_nb.v(3): </Dynamic>
            <Dynamic>a</Dynamic>
            <Navigation>c:/fpgaprojects/segmentos7/mux_nb.v</Navigation>
            <Navigation>3</Navigation>
        </Message>
        <Message>
            <ID>35931002</ID>
            <Severity>Warning</Severity>
            <Dynamic>c:/fpgaprojects/segmentos7/mux_nb.v(3): </Dynamic>
            <Dynamic>b</Dynamic>
            <Navigation>c:/fpgaprojects/segmentos7/mux_nb.v</Navigation>
            <Navigation>3</Navigation>
        </Message>
    </Task>
    <Task name="Lattice_Synthesis">
        <Message>
            <ID>35002000</ID>
            <Severity>Info</Severity>
        </Message>
        <Message>
            <ID>35001781</ID>
            <Severity>Info</Severity>
        </Message>
        <Message>
            <ID>35901018</ID>
            <Severity>Info</Severity>
            <Dynamic>c:/fpgaprojects/segmentos7/mux_nb.v(1): </Dynamic>
            <Dynamic>mux_nb</Dynamic>
            <Navigation>c:/fpgaprojects/segmentos7/mux_nb.v</Navigation>
            <Navigation>1</Navigation>
        </Message>
        <Message>
            <ID>35901209</ID>
            <Severity>Warning</Severity>
            <Dynamic>c:/fpgaprojects/segmentos7/mux_nb.v(2): </Dynamic>
            <Dynamic>24</Dynamic>
            <Dynamic>1</Dynamic>
            <Navigation>c:/fpgaprojects/segmentos7/mux_nb.v</Navigation>
            <Navigation>2</Navigation>
        </Message>
        <Message>
            <ID>35901018</ID>
            <Severity>Info</Severity>
            <Dynamic>c:/fpgaprojects/segmentos7/segmentos7.v(1): </Dynamic>
            <Dynamic>mux_1</Dynamic>
            <Navigation>c:/fpgaprojects/segmentos7/segmentos7.v</Navigation>
            <Navigation>1</Navigation>
        </Message>
        <Message>
            <ID>35901166</ID>
            <Severity>Warning</Severity>
            <Dynamic>c:/fpgaprojects/segmentos7/segmentos7.v(13): </Dynamic>
            <Navigation>c:/fpgaprojects/segmentos7/segmentos7.v</Navigation>
            <Navigation>13</Navigation>
        </Message>
        <Message>
            <ID>35901330</ID>
            <Severity>Warning</Severity>
            <Dynamic>c:/fpgaprojects/segmentos7/mux_nb.v(5): </Dynamic>
            <Dynamic>1</Dynamic>
            <Dynamic>24</Dynamic>
            <Dynamic>mux_op</Dynamic>
            <Navigation>c:/fpgaprojects/segmentos7/mux_nb.v</Navigation>
            <Navigation>5</Navigation>
        </Message>
        <Message>
            <ID>35901209</ID>
            <Severity>Warning</Severity>
            <Dynamic>c:/fpgaprojects/segmentos7/mux_nb.v(9): </Dynamic>
            <Dynamic>4</Dynamic>
            <Dynamic>1</Dynamic>
            <Navigation>c:/fpgaprojects/segmentos7/mux_nb.v</Navigation>
            <Navigation>9</Navigation>
        </Message>
        <Message>
            <ID>35901209</ID>
            <Severity>Warning</Severity>
            <Dynamic>c:/fpgaprojects/segmentos7/mux_nb.v(10): </Dynamic>
            <Dynamic>4</Dynamic>
            <Dynamic>1</Dynamic>
            <Navigation>c:/fpgaprojects/segmentos7/mux_nb.v</Navigation>
            <Navigation>10</Navigation>
        </Message>
        <Message>
            <ID>35901209</ID>
            <Severity>Warning</Severity>
            <Dynamic>c:/fpgaprojects/segmentos7/mux_nb.v(11): </Dynamic>
            <Dynamic>4</Dynamic>
            <Dynamic>1</Dynamic>
            <Navigation>c:/fpgaprojects/segmentos7/mux_nb.v</Navigation>
            <Navigation>11</Navigation>
        </Message>
        <Message>
            <ID>35901209</ID>
            <Severity>Warning</Severity>
            <Dynamic>c:/fpgaprojects/segmentos7/mux_nb.v(12): </Dynamic>
            <Dynamic>4</Dynamic>
            <Dynamic>1</Dynamic>
            <Navigation>c:/fpgaprojects/segmentos7/mux_nb.v</Navigation>
            <Navigation>12</Navigation>
        </Message>
        <Message>
            <ID>35901209</ID>
            <Severity>Warning</Severity>
            <Dynamic>c:/fpgaprojects/segmentos7/mux_nb.v(13): </Dynamic>
            <Dynamic>4</Dynamic>
            <Dynamic>1</Dynamic>
            <Navigation>c:/fpgaprojects/segmentos7/mux_nb.v</Navigation>
            <Navigation>13</Navigation>
        </Message>
        <Message>
            <ID>35901209</ID>
            <Severity>Warning</Severity>
            <Dynamic>c:/fpgaprojects/segmentos7/mux_nb.v(14): </Dynamic>
            <Dynamic>4</Dynamic>
            <Dynamic>1</Dynamic>
            <Navigation>c:/fpgaprojects/segmentos7/mux_nb.v</Navigation>
            <Navigation>14</Navigation>
        </Message>
        <Message>
            <ID>35901166</ID>
            <Severity>Warning</Severity>
            <Dynamic>c:/fpgaprojects/segmentos7/mux_nb.v(25): </Dynamic>
            <Navigation>c:/fpgaprojects/segmentos7/mux_nb.v</Navigation>
            <Navigation>25</Navigation>
        </Message>
        <Message>
            <ID>35901166</ID>
            <Severity>Warning</Severity>
            <Dynamic>c:/fpgaprojects/segmentos7/mux_nb.v(26): </Dynamic>
            <Navigation>c:/fpgaprojects/segmentos7/mux_nb.v</Navigation>
            <Navigation>26</Navigation>
        </Message>
        <Message>
            <ID>35901166</ID>
            <Severity>Warning</Severity>
            <Dynamic>c:/fpgaprojects/segmentos7/mux_nb.v(27): </Dynamic>
            <Navigation>c:/fpgaprojects/segmentos7/mux_nb.v</Navigation>
            <Navigation>27</Navigation>
        </Message>
        <Message>
            <ID>35901166</ID>
            <Severity>Warning</Severity>
            <Dynamic>c:/fpgaprojects/segmentos7/mux_nb.v(28): </Dynamic>
            <Navigation>c:/fpgaprojects/segmentos7/mux_nb.v</Navigation>
            <Navigation>28</Navigation>
        </Message>
        <Message>
            <ID>35901166</ID>
            <Severity>Warning</Severity>
            <Dynamic>c:/fpgaprojects/segmentos7/mux_nb.v(29): </Dynamic>
            <Navigation>c:/fpgaprojects/segmentos7/mux_nb.v</Navigation>
            <Navigation>29</Navigation>
        </Message>
        <Message>
            <ID>35901166</ID>
            <Severity>Warning</Severity>
            <Dynamic>c:/fpgaprojects/segmentos7/mux_nb.v(30): </Dynamic>
            <Navigation>c:/fpgaprojects/segmentos7/mux_nb.v</Navigation>
            <Navigation>30</Navigation>
        </Message>
        <Message>
            <ID>35901166</ID>
            <Severity>Warning</Severity>
            <Dynamic>c:/fpgaprojects/segmentos7/mux_nb.v(31): </Dynamic>
            <Navigation>c:/fpgaprojects/segmentos7/mux_nb.v</Navigation>
            <Navigation>31</Navigation>
        </Message>
        <Message>
            <ID>35901166</ID>
            <Severity>Warning</Severity>
            <Dynamic>c:/fpgaprojects/segmentos7/mux_nb.v(32): </Dynamic>
            <Navigation>c:/fpgaprojects/segmentos7/mux_nb.v</Navigation>
            <Navigation>32</Navigation>
        </Message>
        <Message>
            <ID>35935034</ID>
            <Severity>Warning</Severity>
            <Dynamic>c:/fpgaprojects/segmentos7/mux_nb.v(5): </Dynamic>
            <Dynamic>U1</Dynamic>
            <Navigation>c:/fpgaprojects/segmentos7/mux_nb.v</Navigation>
            <Navigation>5</Navigation>
        </Message>
        <Message>
            <ID>35002005</ID>
            <Severity>Warning</Severity>
            <Dynamic>sel_op</Dynamic>
        </Message>
        <Message>
            <ID>35002005</ID>
            <Severity>Warning</Severity>
            <Dynamic>m_in[23]</Dynamic>
        </Message>
        <Message>
            <ID>35002005</ID>
            <Severity>Warning</Severity>
            <Dynamic>m_in[22]</Dynamic>
        </Message>
        <Message>
            <ID>35002005</ID>
            <Severity>Warning</Severity>
            <Dynamic>m_in[21]</Dynamic>
        </Message>
        <Message>
            <ID>35002005</ID>
            <Severity>Warning</Severity>
            <Dynamic>m_in[19]</Dynamic>
        </Message>
        <Message>
            <ID>35002005</ID>
            <Severity>Warning</Severity>
            <Dynamic>m_in[18]</Dynamic>
        </Message>
        <Message>
            <ID>35002005</ID>
            <Severity>Warning</Severity>
            <Dynamic>m_in[17]</Dynamic>
        </Message>
        <Message>
            <ID>35002005</ID>
            <Severity>Warning</Severity>
            <Dynamic>m_in[15]</Dynamic>
        </Message>
        <Message>
            <ID>35002005</ID>
            <Severity>Warning</Severity>
            <Dynamic>m_in[14]</Dynamic>
        </Message>
        <Message>
            <ID>35002005</ID>
            <Severity>Warning</Severity>
            <Dynamic>m_in[13]</Dynamic>
        </Message>
        <Message>
            <ID>35002005</ID>
            <Severity>Warning</Severity>
            <Dynamic>m_in[11]</Dynamic>
        </Message>
        <Message>
            <ID>35002005</ID>
            <Severity>Warning</Severity>
            <Dynamic>m_in[10]</Dynamic>
        </Message>
        <Message>
            <ID>35002005</ID>
            <Severity>Warning</Severity>
            <Dynamic>m_in[9]</Dynamic>
        </Message>
        <Message>
            <ID>35002005</ID>
            <Severity>Warning</Severity>
            <Dynamic>m_in[7]</Dynamic>
        </Message>
        <Message>
            <ID>35002005</ID>
            <Severity>Warning</Severity>
            <Dynamic>m_in[6]</Dynamic>
        </Message>
        <Message>
            <ID>35002005</ID>
            <Severity>Warning</Severity>
            <Dynamic>m_in[5]</Dynamic>
        </Message>
        <Message>
            <ID>35002005</ID>
            <Severity>Warning</Severity>
            <Dynamic>m_in[3]</Dynamic>
        </Message>
        <Message>
            <ID>35002005</ID>
            <Severity>Warning</Severity>
            <Dynamic>m_in[2]</Dynamic>
        </Message>
        <Message>
            <ID>35002005</ID>
            <Severity>Warning</Severity>
            <Dynamic>m_in[1]</Dynamic>
        </Message>
        <Message>
            <ID>35002005</ID>
            <Severity>Warning</Severity>
            <Dynamic>a[23]</Dynamic>
        </Message>
        <Message>
            <ID>35002005</ID>
            <Severity>Warning</Severity>
            <Dynamic>a[22]</Dynamic>
        </Message>
        <Message>
            <ID>35002005</ID>
            <Severity>Warning</Severity>
            <Dynamic>a[21]</Dynamic>
        </Message>
        <Message>
            <ID>35002005</ID>
            <Severity>Warning</Severity>
            <Dynamic>a[20]</Dynamic>
        </Message>
        <Message>
            <ID>35002005</ID>
            <Severity>Warning</Severity>
            <Dynamic>a[19]</Dynamic>
        </Message>
        <Message>
            <ID>35002005</ID>
            <Severity>Warning</Severity>
            <Dynamic>a[18]</Dynamic>
        </Message>
        <Message>
            <ID>35002005</ID>
            <Severity>Warning</Severity>
            <Dynamic>a[17]</Dynamic>
        </Message>
        <Message>
            <ID>35002005</ID>
            <Severity>Warning</Severity>
            <Dynamic>a[16]</Dynamic>
        </Message>
        <Message>
            <ID>35002005</ID>
            <Severity>Warning</Severity>
            <Dynamic>a[15]</Dynamic>
        </Message>
        <Message>
            <ID>35002005</ID>
            <Severity>Warning</Severity>
            <Dynamic>a[14]</Dynamic>
        </Message>
        <Message>
            <ID>35002005</ID>
            <Severity>Warning</Severity>
            <Dynamic>a[13]</Dynamic>
        </Message>
        <Message>
            <ID>35002005</ID>
            <Severity>Warning</Severity>
            <Dynamic>a[12]</Dynamic>
        </Message>
        <Message>
            <ID>35002005</ID>
            <Severity>Warning</Severity>
            <Dynamic>a[11]</Dynamic>
        </Message>
        <Message>
            <ID>35002005</ID>
            <Severity>Warning</Severity>
            <Dynamic>a[10]</Dynamic>
        </Message>
        <Message>
            <ID>35002005</ID>
            <Severity>Warning</Severity>
            <Dynamic>a[9]</Dynamic>
        </Message>
        <Message>
            <ID>35002005</ID>
            <Severity>Warning</Severity>
            <Dynamic>a[8]</Dynamic>
        </Message>
        <Message>
            <ID>35002005</ID>
            <Severity>Warning</Severity>
            <Dynamic>a[7]</Dynamic>
        </Message>
        <Message>
            <ID>35002005</ID>
            <Severity>Warning</Severity>
            <Dynamic>a[6]</Dynamic>
        </Message>
        <Message>
            <ID>35002005</ID>
            <Severity>Warning</Severity>
            <Dynamic>a[5]</Dynamic>
        </Message>
        <Message>
            <ID>35002005</ID>
            <Severity>Warning</Severity>
            <Dynamic>a[4]</Dynamic>
        </Message>
        <Message>
            <ID>35002005</ID>
            <Severity>Warning</Severity>
            <Dynamic>a[3]</Dynamic>
        </Message>
        <Message>
            <ID>35002005</ID>
            <Severity>Warning</Severity>
            <Dynamic>a[2]</Dynamic>
        </Message>
        <Message>
            <ID>35002005</ID>
            <Severity>Warning</Severity>
            <Dynamic>a[1]</Dynamic>
        </Message>
        <Message>
            <ID>35002005</ID>
            <Severity>Warning</Severity>
            <Dynamic>a[0]</Dynamic>
        </Message>
        <Message>
            <ID>35002005</ID>
            <Severity>Warning</Severity>
            <Dynamic>b[23]</Dynamic>
        </Message>
        <Message>
            <ID>35002005</ID>
            <Severity>Warning</Severity>
            <Dynamic>b[22]</Dynamic>
        </Message>
        <Message>
            <ID>35002005</ID>
            <Severity>Warning</Severity>
            <Dynamic>b[21]</Dynamic>
        </Message>
        <Message>
            <ID>35002005</ID>
            <Severity>Warning</Severity>
            <Dynamic>b[20]</Dynamic>
        </Message>
        <Message>
            <ID>35002005</ID>
            <Severity>Warning</Severity>
            <Dynamic>b[19]</Dynamic>
        </Message>
        <Message>
            <ID>35002005</ID>
            <Severity>Warning</Severity>
            <Dynamic>b[18]</Dynamic>
        </Message>
        <Message>
            <ID>35002005</ID>
            <Severity>Warning</Severity>
            <Dynamic>b[17]</Dynamic>
        </Message>
        <Message>
            <ID>35002005</ID>
            <Severity>Warning</Severity>
            <Dynamic>b[16]</Dynamic>
        </Message>
        <Message>
            <ID>35002005</ID>
            <Severity>Warning</Severity>
            <Dynamic>b[15]</Dynamic>
        </Message>
        <Message>
            <ID>35002005</ID>
            <Severity>Warning</Severity>
            <Dynamic>b[14]</Dynamic>
        </Message>
        <Message>
            <ID>35002005</ID>
            <Severity>Warning</Severity>
            <Dynamic>b[13]</Dynamic>
        </Message>
        <Message>
            <ID>35002005</ID>
            <Severity>Warning</Severity>
            <Dynamic>b[12]</Dynamic>
        </Message>
        <Message>
            <ID>35002005</ID>
            <Severity>Warning</Severity>
            <Dynamic>b[11]</Dynamic>
        </Message>
        <Message>
            <ID>35002005</ID>
            <Severity>Warning</Severity>
            <Dynamic>b[10]</Dynamic>
        </Message>
        <Message>
            <ID>35002005</ID>
            <Severity>Warning</Severity>
            <Dynamic>b[9]</Dynamic>
        </Message>
        <Message>
            <ID>35002005</ID>
            <Severity>Warning</Severity>
            <Dynamic>b[8]</Dynamic>
        </Message>
        <Message>
            <ID>35002005</ID>
            <Severity>Warning</Severity>
            <Dynamic>b[7]</Dynamic>
        </Message>
        <Message>
            <ID>35002005</ID>
            <Severity>Warning</Severity>
            <Dynamic>b[6]</Dynamic>
        </Message>
        <Message>
            <ID>35002005</ID>
            <Severity>Warning</Severity>
            <Dynamic>b[5]</Dynamic>
        </Message>
        <Message>
            <ID>35002005</ID>
            <Severity>Warning</Severity>
            <Dynamic>b[4]</Dynamic>
        </Message>
        <Message>
            <ID>35002005</ID>
            <Severity>Warning</Severity>
            <Dynamic>b[3]</Dynamic>
        </Message>
        <Message>
            <ID>35002005</ID>
            <Severity>Warning</Severity>
            <Dynamic>b[2]</Dynamic>
        </Message>
        <Message>
            <ID>35002005</ID>
            <Severity>Warning</Severity>
            <Dynamic>b[1]</Dynamic>
        </Message>
        <Message>
            <ID>35002005</ID>
            <Severity>Warning</Severity>
            <Dynamic>b[0]</Dynamic>
        </Message>
        <Message>
            <ID>35002005</ID>
            <Severity>Warning</Severity>
            <Dynamic>sel_op</Dynamic>
        </Message>
        <Message>
            <ID>35002005</ID>
            <Severity>Warning</Severity>
            <Dynamic>m_in[23]</Dynamic>
        </Message>
        <Message>
            <ID>35002005</ID>
            <Severity>Warning</Severity>
            <Dynamic>m_in[22]</Dynamic>
        </Message>
        <Message>
            <ID>35002005</ID>
            <Severity>Warning</Severity>
            <Dynamic>m_in[21]</Dynamic>
        </Message>
        <Message>
            <ID>35002005</ID>
            <Severity>Warning</Severity>
            <Dynamic>m_in[19]</Dynamic>
        </Message>
        <Message>
            <ID>35002005</ID>
            <Severity>Warning</Severity>
            <Dynamic>m_in[18]</Dynamic>
        </Message>
        <Message>
            <ID>35002005</ID>
            <Severity>Warning</Severity>
            <Dynamic>m_in[17]</Dynamic>
        </Message>
        <Message>
            <ID>35002005</ID>
            <Severity>Warning</Severity>
            <Dynamic>m_in[15]</Dynamic>
        </Message>
        <Message>
            <ID>35002005</ID>
            <Severity>Warning</Severity>
            <Dynamic>m_in[14]</Dynamic>
        </Message>
        <Message>
            <ID>35002005</ID>
            <Severity>Warning</Severity>
            <Dynamic>m_in[13]</Dynamic>
        </Message>
        <Message>
            <ID>35002005</ID>
            <Severity>Warning</Severity>
            <Dynamic>m_in[11]</Dynamic>
        </Message>
        <Message>
            <ID>35002005</ID>
            <Severity>Warning</Severity>
            <Dynamic>m_in[10]</Dynamic>
        </Message>
        <Message>
            <ID>35002005</ID>
            <Severity>Warning</Severity>
            <Dynamic>m_in[9]</Dynamic>
        </Message>
        <Message>
            <ID>35002005</ID>
            <Severity>Warning</Severity>
            <Dynamic>m_in[7]</Dynamic>
        </Message>
        <Message>
            <ID>35002005</ID>
            <Severity>Warning</Severity>
            <Dynamic>m_in[6]</Dynamic>
        </Message>
        <Message>
            <ID>35002005</ID>
            <Severity>Warning</Severity>
            <Dynamic>m_in[5]</Dynamic>
        </Message>
        <Message>
            <ID>35002005</ID>
            <Severity>Warning</Severity>
            <Dynamic>m_in[3]</Dynamic>
        </Message>
        <Message>
            <ID>35002005</ID>
            <Severity>Warning</Severity>
            <Dynamic>m_in[2]</Dynamic>
        </Message>
        <Message>
            <ID>35002005</ID>
            <Severity>Warning</Severity>
            <Dynamic>m_in[1]</Dynamic>
        </Message>
        <Message>
            <ID>35002005</ID>
            <Severity>Warning</Severity>
            <Dynamic>a[23]</Dynamic>
        </Message>
        <Message>
            <ID>35002005</ID>
            <Severity>Warning</Severity>
            <Dynamic>a[22]</Dynamic>
        </Message>
        <Message>
            <ID>35002005</ID>
            <Severity>Warning</Severity>
            <Dynamic>a[21]</Dynamic>
        </Message>
        <Message>
            <ID>35002005</ID>
            <Severity>Warning</Severity>
            <Dynamic>a[20]</Dynamic>
        </Message>
        <Message>
            <ID>35002005</ID>
            <Severity>Warning</Severity>
            <Dynamic>a[19]</Dynamic>
        </Message>
        <Message>
            <ID>35002005</ID>
            <Severity>Warning</Severity>
            <Dynamic>a[18]</Dynamic>
        </Message>
        <Message>
            <ID>35002005</ID>
            <Severity>Warning</Severity>
            <Dynamic>a[17]</Dynamic>
        </Message>
        <Message>
            <ID>35002005</ID>
            <Severity>Warning</Severity>
            <Dynamic>a[16]</Dynamic>
        </Message>
        <Message>
            <ID>35002005</ID>
            <Severity>Warning</Severity>
            <Dynamic>a[15]</Dynamic>
        </Message>
        <Message>
            <ID>35002005</ID>
            <Severity>Warning</Severity>
            <Dynamic>a[14]</Dynamic>
        </Message>
        <Message>
            <ID>35002005</ID>
            <Severity>Warning</Severity>
            <Dynamic>a[13]</Dynamic>
        </Message>
        <Message>
            <ID>35002005</ID>
            <Severity>Warning</Severity>
            <Dynamic>a[12]</Dynamic>
        </Message>
        <Message>
            <ID>35002005</ID>
            <Severity>Warning</Severity>
            <Dynamic>a[11]</Dynamic>
        </Message>
        <Message>
            <ID>35002005</ID>
            <Severity>Warning</Severity>
            <Dynamic>a[10]</Dynamic>
        </Message>
        <Message>
            <ID>35002005</ID>
            <Severity>Warning</Severity>
            <Dynamic>a[9]</Dynamic>
        </Message>
        <Message>
            <ID>35002005</ID>
            <Severity>Warning</Severity>
            <Dynamic>a[8]</Dynamic>
        </Message>
        <Message>
            <ID>35002005</ID>
            <Severity>Warning</Severity>
            <Dynamic>a[7]</Dynamic>
        </Message>
        <Message>
            <ID>35002005</ID>
            <Severity>Warning</Severity>
            <Dynamic>a[6]</Dynamic>
        </Message>
        <Message>
            <ID>35002005</ID>
            <Severity>Warning</Severity>
            <Dynamic>a[5]</Dynamic>
        </Message>
        <Message>
            <ID>35002005</ID>
            <Severity>Warning</Severity>
            <Dynamic>a[4]</Dynamic>
        </Message>
        <Message>
            <ID>35002005</ID>
            <Severity>Warning</Severity>
            <Dynamic>a[3]</Dynamic>
        </Message>
        <Message>
            <ID>35002005</ID>
            <Severity>Warning</Severity>
            <Dynamic>a[2]</Dynamic>
        </Message>
        <Message>
            <ID>35002005</ID>
            <Severity>Warning</Severity>
            <Dynamic>a[1]</Dynamic>
        </Message>
        <Message>
            <ID>35002005</ID>
            <Severity>Warning</Severity>
            <Dynamic>a[0]</Dynamic>
        </Message>
        <Message>
            <ID>35002005</ID>
            <Severity>Warning</Severity>
            <Dynamic>b[23]</Dynamic>
        </Message>
        <Message>
            <ID>35002005</ID>
            <Severity>Warning</Severity>
            <Dynamic>b[22]</Dynamic>
        </Message>
        <Message>
            <ID>35002005</ID>
            <Severity>Warning</Severity>
            <Dynamic>b[21]</Dynamic>
        </Message>
        <Message>
            <ID>35002005</ID>
            <Severity>Warning</Severity>
            <Dynamic>b[20]</Dynamic>
        </Message>
        <Message>
            <ID>35002005</ID>
            <Severity>Warning</Severity>
            <Dynamic>b[19]</Dynamic>
        </Message>
        <Message>
            <ID>35002005</ID>
            <Severity>Warning</Severity>
            <Dynamic>b[18]</Dynamic>
        </Message>
        <Message>
            <ID>35002005</ID>
            <Severity>Warning</Severity>
            <Dynamic>b[17]</Dynamic>
        </Message>
        <Message>
            <ID>35002005</ID>
            <Severity>Warning</Severity>
            <Dynamic>b[16]</Dynamic>
        </Message>
        <Message>
            <ID>35002005</ID>
            <Severity>Warning</Severity>
            <Dynamic>b[15]</Dynamic>
        </Message>
        <Message>
            <ID>35002005</ID>
            <Severity>Warning</Severity>
            <Dynamic>b[14]</Dynamic>
        </Message>
        <Message>
            <ID>35002005</ID>
            <Severity>Warning</Severity>
            <Dynamic>b[13]</Dynamic>
        </Message>
        <Message>
            <ID>35002005</ID>
            <Severity>Warning</Severity>
            <Dynamic>b[12]</Dynamic>
        </Message>
        <Message>
            <ID>35002005</ID>
            <Severity>Warning</Severity>
            <Dynamic>b[11]</Dynamic>
        </Message>
        <Message>
            <ID>35002005</ID>
            <Severity>Warning</Severity>
            <Dynamic>b[10]</Dynamic>
        </Message>
        <Message>
            <ID>35002005</ID>
            <Severity>Warning</Severity>
            <Dynamic>b[9]</Dynamic>
        </Message>
        <Message>
            <ID>35002005</ID>
            <Severity>Warning</Severity>
            <Dynamic>b[8]</Dynamic>
        </Message>
        <Message>
            <ID>35002005</ID>
            <Severity>Warning</Severity>
            <Dynamic>b[7]</Dynamic>
        </Message>
        <Message>
            <ID>35002005</ID>
            <Severity>Warning</Severity>
            <Dynamic>b[6]</Dynamic>
        </Message>
        <Message>
            <ID>35002005</ID>
            <Severity>Warning</Severity>
            <Dynamic>b[5]</Dynamic>
        </Message>
        <Message>
            <ID>35002005</ID>
            <Severity>Warning</Severity>
            <Dynamic>b[4]</Dynamic>
        </Message>
        <Message>
            <ID>35002005</ID>
            <Severity>Warning</Severity>
            <Dynamic>b[3]</Dynamic>
        </Message>
        <Message>
            <ID>35002005</ID>
            <Severity>Warning</Severity>
            <Dynamic>b[2]</Dynamic>
        </Message>
        <Message>
            <ID>35002005</ID>
            <Severity>Warning</Severity>
            <Dynamic>b[1]</Dynamic>
        </Message>
        <Message>
            <ID>35002005</ID>
            <Severity>Warning</Severity>
            <Dynamic>b[0]</Dynamic>
        </Message>
        <Message>
            <ID>35001783</ID>
            <Severity>Warning</Severity>
            <Dynamic>mux_nbout_I_0</Dynamic>
        </Message>
        <Message>
            <ID>35001611</ID>
            <Severity>Warning</Severity>
        </Message>
        <Message>
            <ID>1166052</ID>
            <Severity>Warning</Severity>
            <Dynamic>logical</Dynamic>
            <Dynamic>sel_op</Dynamic>
            <Navigation>sel_op</Navigation>
        </Message>
        <Message>
            <ID>1166064</ID>
            <Severity>Warning</Severity>
            <Dynamic>input</Dynamic>
            <Dynamic>sel_op</Dynamic>
        </Message>
        <Message>
            <ID>1166052</ID>
            <Severity>Warning</Severity>
            <Dynamic>logical</Dynamic>
            <Dynamic>m_in[23]</Dynamic>
            <Navigation>m_in[23]</Navigation>
        </Message>
        <Message>
            <ID>1166064</ID>
            <Severity>Warning</Severity>
            <Dynamic>input</Dynamic>
            <Dynamic>m_in[23]</Dynamic>
        </Message>
        <Message>
            <ID>1166052</ID>
            <Severity>Warning</Severity>
            <Dynamic>logical</Dynamic>
            <Dynamic>m_in[22]</Dynamic>
            <Navigation>m_in[22]</Navigation>
        </Message>
        <Message>
            <ID>1166064</ID>
            <Severity>Warning</Severity>
            <Dynamic>input</Dynamic>
            <Dynamic>m_in[22]</Dynamic>
        </Message>
        <Message>
            <ID>1166052</ID>
            <Severity>Warning</Severity>
            <Dynamic>logical</Dynamic>
            <Dynamic>m_in[21]</Dynamic>
            <Navigation>m_in[21]</Navigation>
        </Message>
        <Message>
            <ID>1166064</ID>
            <Severity>Warning</Severity>
            <Dynamic>input</Dynamic>
            <Dynamic>m_in[21]</Dynamic>
        </Message>
        <Message>
            <ID>1166052</ID>
            <Severity>Warning</Severity>
            <Dynamic>logical</Dynamic>
            <Dynamic>m_in[19]</Dynamic>
            <Navigation>m_in[19]</Navigation>
        </Message>
        <Message>
            <ID>1166064</ID>
            <Severity>Warning</Severity>
            <Dynamic>input</Dynamic>
            <Dynamic>m_in[19]</Dynamic>
        </Message>
        <Message>
            <ID>1166052</ID>
            <Severity>Warning</Severity>
            <Dynamic>logical</Dynamic>
            <Dynamic>m_in[18]</Dynamic>
            <Navigation>m_in[18]</Navigation>
        </Message>
        <Message>
            <ID>1166064</ID>
            <Severity>Warning</Severity>
            <Dynamic>input</Dynamic>
            <Dynamic>m_in[18]</Dynamic>
        </Message>
        <Message>
            <ID>1166052</ID>
            <Severity>Warning</Severity>
            <Dynamic>logical</Dynamic>
            <Dynamic>m_in[17]</Dynamic>
            <Navigation>m_in[17]</Navigation>
        </Message>
        <Message>
            <ID>1166064</ID>
            <Severity>Warning</Severity>
            <Dynamic>input</Dynamic>
            <Dynamic>m_in[17]</Dynamic>
        </Message>
        <Message>
            <ID>1166052</ID>
            <Severity>Warning</Severity>
            <Dynamic>logical</Dynamic>
            <Dynamic>m_in[15]</Dynamic>
            <Navigation>m_in[15]</Navigation>
        </Message>
        <Message>
            <ID>1166064</ID>
            <Severity>Warning</Severity>
            <Dynamic>input</Dynamic>
            <Dynamic>m_in[15]</Dynamic>
        </Message>
        <Message>
            <ID>1166052</ID>
            <Severity>Warning</Severity>
            <Dynamic>logical</Dynamic>
            <Dynamic>m_in[14]</Dynamic>
            <Navigation>m_in[14]</Navigation>
        </Message>
        <Message>
            <ID>1166064</ID>
            <Severity>Warning</Severity>
            <Dynamic>input</Dynamic>
            <Dynamic>m_in[14]</Dynamic>
        </Message>
        <Message>
            <ID>1166052</ID>
            <Severity>Warning</Severity>
            <Dynamic>logical</Dynamic>
            <Dynamic>m_in[13]</Dynamic>
            <Navigation>m_in[13]</Navigation>
        </Message>
        <Message>
            <ID>1166064</ID>
            <Severity>Warning</Severity>
            <Dynamic>input</Dynamic>
            <Dynamic>m_in[13]</Dynamic>
        </Message>
        <Message>
            <ID>1166052</ID>
            <Severity>Warning</Severity>
            <Dynamic>logical</Dynamic>
            <Dynamic>m_in[11]</Dynamic>
            <Navigation>m_in[11]</Navigation>
        </Message>
        <Message>
            <ID>1166064</ID>
            <Severity>Warning</Severity>
            <Dynamic>input</Dynamic>
            <Dynamic>m_in[11]</Dynamic>
        </Message>
        <Message>
            <ID>1166052</ID>
            <Severity>Warning</Severity>
            <Dynamic>logical</Dynamic>
            <Dynamic>m_in[10]</Dynamic>
            <Navigation>m_in[10]</Navigation>
        </Message>
        <Message>
            <ID>1166064</ID>
            <Severity>Warning</Severity>
            <Dynamic>input</Dynamic>
            <Dynamic>m_in[10]</Dynamic>
        </Message>
        <Message>
            <ID>1166052</ID>
            <Severity>Warning</Severity>
            <Dynamic>logical</Dynamic>
            <Dynamic>m_in[9]</Dynamic>
            <Navigation>m_in[9]</Navigation>
        </Message>
        <Message>
            <ID>1166064</ID>
            <Severity>Warning</Severity>
            <Dynamic>input</Dynamic>
            <Dynamic>m_in[9]</Dynamic>
        </Message>
        <Message>
            <ID>1166052</ID>
            <Severity>Warning</Severity>
            <Dynamic>logical</Dynamic>
            <Dynamic>m_in[7]</Dynamic>
            <Navigation>m_in[7]</Navigation>
        </Message>
        <Message>
            <ID>1166064</ID>
            <Severity>Warning</Severity>
            <Dynamic>input</Dynamic>
            <Dynamic>m_in[7]</Dynamic>
        </Message>
        <Message>
            <ID>1166052</ID>
            <Severity>Warning</Severity>
            <Dynamic>logical</Dynamic>
            <Dynamic>m_in[6]</Dynamic>
            <Navigation>m_in[6]</Navigation>
        </Message>
        <Message>
            <ID>1166064</ID>
            <Severity>Warning</Severity>
            <Dynamic>input</Dynamic>
            <Dynamic>m_in[6]</Dynamic>
        </Message>
        <Message>
            <ID>1166052</ID>
            <Severity>Warning</Severity>
            <Dynamic>logical</Dynamic>
            <Dynamic>m_in[5]</Dynamic>
            <Navigation>m_in[5]</Navigation>
        </Message>
        <Message>
            <ID>1166064</ID>
            <Severity>Warning</Severity>
            <Dynamic>input</Dynamic>
            <Dynamic>m_in[5]</Dynamic>
        </Message>
        <Message>
            <ID>1166052</ID>
            <Severity>Warning</Severity>
            <Dynamic>logical</Dynamic>
            <Dynamic>m_in[3]</Dynamic>
            <Navigation>m_in[3]</Navigation>
        </Message>
        <Message>
            <ID>1166064</ID>
            <Severity>Warning</Severity>
            <Dynamic>input</Dynamic>
            <Dynamic>m_in[3]</Dynamic>
        </Message>
        <Message>
            <ID>1166052</ID>
            <Severity>Warning</Severity>
            <Dynamic>logical</Dynamic>
            <Dynamic>m_in[2]</Dynamic>
            <Navigation>m_in[2]</Navigation>
        </Message>
        <Message>
            <ID>1166064</ID>
            <Severity>Warning</Severity>
            <Dynamic>input</Dynamic>
            <Dynamic>m_in[2]</Dynamic>
        </Message>
        <Message>
            <ID>1166052</ID>
            <Severity>Warning</Severity>
            <Dynamic>logical</Dynamic>
            <Dynamic>m_in[1]</Dynamic>
            <Navigation>m_in[1]</Navigation>
        </Message>
        <Message>
            <ID>1166064</ID>
            <Severity>Warning</Severity>
            <Dynamic>input</Dynamic>
            <Dynamic>m_in[1]</Dynamic>
        </Message>
        <Message>
            <ID>1166052</ID>
            <Severity>Warning</Severity>
            <Dynamic>logical</Dynamic>
            <Dynamic>a[23]</Dynamic>
            <Navigation>a[23]</Navigation>
        </Message>
        <Message>
            <ID>1166064</ID>
            <Severity>Warning</Severity>
            <Dynamic>input</Dynamic>
            <Dynamic>a[23]</Dynamic>
        </Message>
        <Message>
            <ID>1166052</ID>
            <Severity>Warning</Severity>
            <Dynamic>logical</Dynamic>
            <Dynamic>a[22]</Dynamic>
            <Navigation>a[22]</Navigation>
        </Message>
        <Message>
            <ID>1166064</ID>
            <Severity>Warning</Severity>
            <Dynamic>input</Dynamic>
            <Dynamic>a[22]</Dynamic>
        </Message>
        <Message>
            <ID>1166052</ID>
            <Severity>Warning</Severity>
            <Dynamic>logical</Dynamic>
            <Dynamic>a[21]</Dynamic>
            <Navigation>a[21]</Navigation>
        </Message>
        <Message>
            <ID>1166064</ID>
            <Severity>Warning</Severity>
            <Dynamic>input</Dynamic>
            <Dynamic>a[21]</Dynamic>
        </Message>
        <Message>
            <ID>1166052</ID>
            <Severity>Warning</Severity>
            <Dynamic>logical</Dynamic>
            <Dynamic>a[20]</Dynamic>
            <Navigation>a[20]</Navigation>
        </Message>
        <Message>
            <ID>1166064</ID>
            <Severity>Warning</Severity>
            <Dynamic>input</Dynamic>
            <Dynamic>a[20]</Dynamic>
        </Message>
        <Message>
            <ID>1166052</ID>
            <Severity>Warning</Severity>
            <Dynamic>logical</Dynamic>
            <Dynamic>a[19]</Dynamic>
            <Navigation>a[19]</Navigation>
        </Message>
        <Message>
            <ID>1166064</ID>
            <Severity>Warning</Severity>
            <Dynamic>input</Dynamic>
            <Dynamic>a[19]</Dynamic>
        </Message>
        <Message>
            <ID>1166052</ID>
            <Severity>Warning</Severity>
            <Dynamic>logical</Dynamic>
            <Dynamic>a[18]</Dynamic>
            <Navigation>a[18]</Navigation>
        </Message>
        <Message>
            <ID>1166064</ID>
            <Severity>Warning</Severity>
            <Dynamic>input</Dynamic>
            <Dynamic>a[18]</Dynamic>
        </Message>
        <Message>
            <ID>1166052</ID>
            <Severity>Warning</Severity>
            <Dynamic>logical</Dynamic>
            <Dynamic>a[17]</Dynamic>
            <Navigation>a[17]</Navigation>
        </Message>
        <Message>
            <ID>1166064</ID>
            <Severity>Warning</Severity>
            <Dynamic>input</Dynamic>
            <Dynamic>a[17]</Dynamic>
        </Message>
        <Message>
            <ID>1166052</ID>
            <Severity>Warning</Severity>
            <Dynamic>logical</Dynamic>
            <Dynamic>a[16]</Dynamic>
            <Navigation>a[16]</Navigation>
        </Message>
        <Message>
            <ID>1166064</ID>
            <Severity>Warning</Severity>
            <Dynamic>input</Dynamic>
            <Dynamic>a[16]</Dynamic>
        </Message>
        <Message>
            <ID>1166052</ID>
            <Severity>Warning</Severity>
            <Dynamic>logical</Dynamic>
            <Dynamic>a[15]</Dynamic>
            <Navigation>a[15]</Navigation>
        </Message>
        <Message>
            <ID>1166064</ID>
            <Severity>Warning</Severity>
            <Dynamic>input</Dynamic>
            <Dynamic>a[15]</Dynamic>
        </Message>
        <Message>
            <ID>1166052</ID>
            <Severity>Warning</Severity>
            <Dynamic>logical</Dynamic>
            <Dynamic>a[14]</Dynamic>
            <Navigation>a[14]</Navigation>
        </Message>
        <Message>
            <ID>1166064</ID>
            <Severity>Warning</Severity>
            <Dynamic>input</Dynamic>
            <Dynamic>a[14]</Dynamic>
        </Message>
        <Message>
            <ID>1166052</ID>
            <Severity>Warning</Severity>
            <Dynamic>logical</Dynamic>
            <Dynamic>a[13]</Dynamic>
            <Navigation>a[13]</Navigation>
        </Message>
        <Message>
            <ID>1166064</ID>
            <Severity>Warning</Severity>
            <Dynamic>input</Dynamic>
            <Dynamic>a[13]</Dynamic>
        </Message>
        <Message>
            <ID>1166052</ID>
            <Severity>Warning</Severity>
            <Dynamic>logical</Dynamic>
            <Dynamic>a[12]</Dynamic>
            <Navigation>a[12]</Navigation>
        </Message>
        <Message>
            <ID>1166064</ID>
            <Severity>Warning</Severity>
            <Dynamic>input</Dynamic>
            <Dynamic>a[12]</Dynamic>
        </Message>
        <Message>
            <ID>1166052</ID>
            <Severity>Warning</Severity>
            <Dynamic>logical</Dynamic>
            <Dynamic>a[11]</Dynamic>
            <Navigation>a[11]</Navigation>
        </Message>
        <Message>
            <ID>1166064</ID>
            <Severity>Warning</Severity>
            <Dynamic>input</Dynamic>
            <Dynamic>a[11]</Dynamic>
        </Message>
        <Message>
            <ID>1166052</ID>
            <Severity>Warning</Severity>
            <Dynamic>logical</Dynamic>
            <Dynamic>a[10]</Dynamic>
            <Navigation>a[10]</Navigation>
        </Message>
        <Message>
            <ID>1166064</ID>
            <Severity>Warning</Severity>
            <Dynamic>input</Dynamic>
            <Dynamic>a[10]</Dynamic>
        </Message>
        <Message>
            <ID>1166052</ID>
            <Severity>Warning</Severity>
            <Dynamic>logical</Dynamic>
            <Dynamic>a[9]</Dynamic>
            <Navigation>a[9]</Navigation>
        </Message>
        <Message>
            <ID>1166064</ID>
            <Severity>Warning</Severity>
            <Dynamic>input</Dynamic>
            <Dynamic>a[9]</Dynamic>
        </Message>
        <Message>
            <ID>1166052</ID>
            <Severity>Warning</Severity>
            <Dynamic>logical</Dynamic>
            <Dynamic>a[8]</Dynamic>
            <Navigation>a[8]</Navigation>
        </Message>
        <Message>
            <ID>1166064</ID>
            <Severity>Warning</Severity>
            <Dynamic>input</Dynamic>
            <Dynamic>a[8]</Dynamic>
        </Message>
        <Message>
            <ID>1166052</ID>
            <Severity>Warning</Severity>
            <Dynamic>logical</Dynamic>
            <Dynamic>a[7]</Dynamic>
            <Navigation>a[7]</Navigation>
        </Message>
        <Message>
            <ID>1166064</ID>
            <Severity>Warning</Severity>
            <Dynamic>input</Dynamic>
            <Dynamic>a[7]</Dynamic>
        </Message>
        <Message>
            <ID>1166052</ID>
            <Severity>Warning</Severity>
            <Dynamic>logical</Dynamic>
            <Dynamic>a[6]</Dynamic>
            <Navigation>a[6]</Navigation>
        </Message>
        <Message>
            <ID>1166064</ID>
            <Severity>Warning</Severity>
            <Dynamic>input</Dynamic>
            <Dynamic>a[6]</Dynamic>
        </Message>
        <Message>
            <ID>1166052</ID>
            <Severity>Warning</Severity>
            <Dynamic>logical</Dynamic>
            <Dynamic>a[5]</Dynamic>
            <Navigation>a[5]</Navigation>
        </Message>
        <Message>
            <ID>1166064</ID>
            <Severity>Warning</Severity>
            <Dynamic>input</Dynamic>
            <Dynamic>a[5]</Dynamic>
        </Message>
        <Message>
            <ID>1166052</ID>
            <Severity>Warning</Severity>
            <Dynamic>logical</Dynamic>
            <Dynamic>a[4]</Dynamic>
            <Navigation>a[4]</Navigation>
        </Message>
        <Message>
            <ID>1166064</ID>
            <Severity>Warning</Severity>
            <Dynamic>input</Dynamic>
            <Dynamic>a[4]</Dynamic>
        </Message>
        <Message>
            <ID>1166052</ID>
            <Severity>Warning</Severity>
            <Dynamic>logical</Dynamic>
            <Dynamic>a[3]</Dynamic>
            <Navigation>a[3]</Navigation>
        </Message>
        <Message>
            <ID>1166064</ID>
            <Severity>Warning</Severity>
            <Dynamic>input</Dynamic>
            <Dynamic>a[3]</Dynamic>
        </Message>
        <Message>
            <ID>1166052</ID>
            <Severity>Warning</Severity>
            <Dynamic>logical</Dynamic>
            <Dynamic>a[2]</Dynamic>
            <Navigation>a[2]</Navigation>
        </Message>
        <Message>
            <ID>1166064</ID>
            <Severity>Warning</Severity>
            <Dynamic>input</Dynamic>
            <Dynamic>a[2]</Dynamic>
        </Message>
        <Message>
            <ID>1166052</ID>
            <Severity>Warning</Severity>
            <Dynamic>logical</Dynamic>
            <Dynamic>a[1]</Dynamic>
            <Navigation>a[1]</Navigation>
        </Message>
        <Message>
            <ID>1166064</ID>
            <Severity>Warning</Severity>
            <Dynamic>input</Dynamic>
            <Dynamic>a[1]</Dynamic>
        </Message>
        <Message>
            <ID>1166052</ID>
            <Severity>Warning</Severity>
            <Dynamic>logical</Dynamic>
            <Dynamic>a[0]</Dynamic>
            <Navigation>a[0]</Navigation>
        </Message>
        <Message>
            <ID>1166064</ID>
            <Severity>Warning</Severity>
            <Dynamic>input</Dynamic>
            <Dynamic>a[0]</Dynamic>
        </Message>
        <Message>
            <ID>1166052</ID>
            <Severity>Warning</Severity>
            <Dynamic>logical</Dynamic>
            <Dynamic>b[23]</Dynamic>
            <Navigation>b[23]</Navigation>
        </Message>
        <Message>
            <ID>1166064</ID>
            <Severity>Warning</Severity>
            <Dynamic>input</Dynamic>
            <Dynamic>b[23]</Dynamic>
        </Message>
        <Message>
            <ID>1166052</ID>
            <Severity>Warning</Severity>
            <Dynamic>logical</Dynamic>
            <Dynamic>b[22]</Dynamic>
            <Navigation>b[22]</Navigation>
        </Message>
        <Message>
            <ID>1166064</ID>
            <Severity>Warning</Severity>
            <Dynamic>input</Dynamic>
            <Dynamic>b[22]</Dynamic>
        </Message>
        <Message>
            <ID>1166052</ID>
            <Severity>Warning</Severity>
            <Dynamic>logical</Dynamic>
            <Dynamic>b[21]</Dynamic>
            <Navigation>b[21]</Navigation>
        </Message>
        <Message>
            <ID>1166064</ID>
            <Severity>Warning</Severity>
            <Dynamic>input</Dynamic>
            <Dynamic>b[21]</Dynamic>
        </Message>
        <Message>
            <ID>1166052</ID>
            <Severity>Warning</Severity>
            <Dynamic>logical</Dynamic>
            <Dynamic>b[20]</Dynamic>
            <Navigation>b[20]</Navigation>
        </Message>
        <Message>
            <ID>1166064</ID>
            <Severity>Warning</Severity>
            <Dynamic>input</Dynamic>
            <Dynamic>b[20]</Dynamic>
        </Message>
        <Message>
            <ID>1166052</ID>
            <Severity>Warning</Severity>
            <Dynamic>logical</Dynamic>
            <Dynamic>b[19]</Dynamic>
            <Navigation>b[19]</Navigation>
        </Message>
        <Message>
            <ID>1166064</ID>
            <Severity>Warning</Severity>
            <Dynamic>input</Dynamic>
            <Dynamic>b[19]</Dynamic>
        </Message>
        <Message>
            <ID>1166052</ID>
            <Severity>Warning</Severity>
            <Dynamic>logical</Dynamic>
            <Dynamic>b[18]</Dynamic>
            <Navigation>b[18]</Navigation>
        </Message>
        <Message>
            <ID>1166064</ID>
            <Severity>Warning</Severity>
            <Dynamic>input</Dynamic>
            <Dynamic>b[18]</Dynamic>
        </Message>
        <Message>
            <ID>1166052</ID>
            <Severity>Warning</Severity>
            <Dynamic>logical</Dynamic>
            <Dynamic>b[17]</Dynamic>
            <Navigation>b[17]</Navigation>
        </Message>
        <Message>
            <ID>1166064</ID>
            <Severity>Warning</Severity>
            <Dynamic>input</Dynamic>
            <Dynamic>b[17]</Dynamic>
        </Message>
        <Message>
            <ID>1166052</ID>
            <Severity>Warning</Severity>
            <Dynamic>logical</Dynamic>
            <Dynamic>b[16]</Dynamic>
            <Navigation>b[16]</Navigation>
        </Message>
        <Message>
            <ID>1166064</ID>
            <Severity>Warning</Severity>
            <Dynamic>input</Dynamic>
            <Dynamic>b[16]</Dynamic>
        </Message>
        <Message>
            <ID>1166052</ID>
            <Severity>Warning</Severity>
            <Dynamic>logical</Dynamic>
            <Dynamic>b[15]</Dynamic>
            <Navigation>b[15]</Navigation>
        </Message>
        <Message>
            <ID>1166064</ID>
            <Severity>Warning</Severity>
            <Dynamic>input</Dynamic>
            <Dynamic>b[15]</Dynamic>
        </Message>
        <Message>
            <ID>1166052</ID>
            <Severity>Warning</Severity>
            <Dynamic>logical</Dynamic>
            <Dynamic>b[14]</Dynamic>
            <Navigation>b[14]</Navigation>
        </Message>
        <Message>
            <ID>1166064</ID>
            <Severity>Warning</Severity>
            <Dynamic>input</Dynamic>
            <Dynamic>b[14]</Dynamic>
        </Message>
        <Message>
            <ID>1166052</ID>
            <Severity>Warning</Severity>
            <Dynamic>logical</Dynamic>
            <Dynamic>b[13]</Dynamic>
            <Navigation>b[13]</Navigation>
        </Message>
        <Message>
            <ID>1166064</ID>
            <Severity>Warning</Severity>
            <Dynamic>input</Dynamic>
            <Dynamic>b[13]</Dynamic>
        </Message>
        <Message>
            <ID>1166052</ID>
            <Severity>Warning</Severity>
            <Dynamic>logical</Dynamic>
            <Dynamic>b[12]</Dynamic>
            <Navigation>b[12]</Navigation>
        </Message>
        <Message>
            <ID>1166064</ID>
            <Severity>Warning</Severity>
            <Dynamic>input</Dynamic>
            <Dynamic>b[12]</Dynamic>
        </Message>
        <Message>
            <ID>1166052</ID>
            <Severity>Warning</Severity>
            <Dynamic>logical</Dynamic>
            <Dynamic>b[11]</Dynamic>
            <Navigation>b[11]</Navigation>
        </Message>
        <Message>
            <ID>1166064</ID>
            <Severity>Warning</Severity>
            <Dynamic>input</Dynamic>
            <Dynamic>b[11]</Dynamic>
        </Message>
        <Message>
            <ID>1166052</ID>
            <Severity>Warning</Severity>
            <Dynamic>logical</Dynamic>
            <Dynamic>b[10]</Dynamic>
            <Navigation>b[10]</Navigation>
        </Message>
        <Message>
            <ID>1166064</ID>
            <Severity>Warning</Severity>
            <Dynamic>input</Dynamic>
            <Dynamic>b[10]</Dynamic>
        </Message>
        <Message>
            <ID>1166052</ID>
            <Severity>Warning</Severity>
            <Dynamic>logical</Dynamic>
            <Dynamic>b[9]</Dynamic>
            <Navigation>b[9]</Navigation>
        </Message>
        <Message>
            <ID>1166064</ID>
            <Severity>Warning</Severity>
            <Dynamic>input</Dynamic>
            <Dynamic>b[9]</Dynamic>
        </Message>
        <Message>
            <ID>1166052</ID>
            <Severity>Warning</Severity>
            <Dynamic>logical</Dynamic>
            <Dynamic>b[8]</Dynamic>
            <Navigation>b[8]</Navigation>
        </Message>
        <Message>
            <ID>1166064</ID>
            <Severity>Warning</Severity>
            <Dynamic>input</Dynamic>
            <Dynamic>b[8]</Dynamic>
        </Message>
        <Message>
            <ID>1166052</ID>
            <Severity>Warning</Severity>
            <Dynamic>logical</Dynamic>
            <Dynamic>b[7]</Dynamic>
            <Navigation>b[7]</Navigation>
        </Message>
        <Message>
            <ID>1166064</ID>
            <Severity>Warning</Severity>
            <Dynamic>input</Dynamic>
            <Dynamic>b[7]</Dynamic>
        </Message>
        <Message>
            <ID>1166052</ID>
            <Severity>Warning</Severity>
            <Dynamic>logical</Dynamic>
            <Dynamic>b[6]</Dynamic>
            <Navigation>b[6]</Navigation>
        </Message>
        <Message>
            <ID>1166064</ID>
            <Severity>Warning</Severity>
            <Dynamic>input</Dynamic>
            <Dynamic>b[6]</Dynamic>
        </Message>
        <Message>
            <ID>1166052</ID>
            <Severity>Warning</Severity>
            <Dynamic>logical</Dynamic>
            <Dynamic>b[5]</Dynamic>
            <Navigation>b[5]</Navigation>
        </Message>
        <Message>
            <ID>1166064</ID>
            <Severity>Warning</Severity>
            <Dynamic>input</Dynamic>
            <Dynamic>b[5]</Dynamic>
        </Message>
        <Message>
            <ID>1166052</ID>
            <Severity>Warning</Severity>
            <Dynamic>logical</Dynamic>
            <Dynamic>b[4]</Dynamic>
            <Navigation>b[4]</Navigation>
        </Message>
        <Message>
            <ID>1166064</ID>
            <Severity>Warning</Severity>
            <Dynamic>input</Dynamic>
            <Dynamic>b[4]</Dynamic>
        </Message>
        <Message>
            <ID>1166052</ID>
            <Severity>Warning</Severity>
            <Dynamic>logical</Dynamic>
            <Dynamic>b[3]</Dynamic>
            <Navigation>b[3]</Navigation>
        </Message>
        <Message>
            <ID>1166064</ID>
            <Severity>Warning</Severity>
            <Dynamic>input</Dynamic>
            <Dynamic>b[3]</Dynamic>
        </Message>
        <Message>
            <ID>1166052</ID>
            <Severity>Warning</Severity>
            <Dynamic>logical</Dynamic>
            <Dynamic>b[2]</Dynamic>
            <Navigation>b[2]</Navigation>
        </Message>
        <Message>
            <ID>1166064</ID>
            <Severity>Warning</Severity>
            <Dynamic>input</Dynamic>
            <Dynamic>b[2]</Dynamic>
        </Message>
        <Message>
            <ID>1166052</ID>
            <Severity>Warning</Severity>
            <Dynamic>logical</Dynamic>
            <Dynamic>b[1]</Dynamic>
            <Navigation>b[1]</Navigation>
        </Message>
        <Message>
            <ID>1166064</ID>
            <Severity>Warning</Severity>
            <Dynamic>input</Dynamic>
            <Dynamic>b[1]</Dynamic>
        </Message>
        <Message>
            <ID>1166052</ID>
            <Severity>Warning</Severity>
            <Dynamic>logical</Dynamic>
            <Dynamic>b[0]</Dynamic>
            <Navigation>b[0]</Navigation>
        </Message>
        <Message>
            <ID>1166064</ID>
            <Severity>Warning</Severity>
            <Dynamic>input</Dynamic>
            <Dynamic>b[0]</Dynamic>
        </Message>
        <Message>
            <ID>1163101</ID>
            <Severity>Warning</Severity>
            <Dynamic>134</Dynamic>
        </Message>
    </Task>
</BaliMessageLog>