[
{
"object":"c1",
"hdl_name":"c1",
"ports":
[
{"name":"clk","orig_name":"clk"},
{"name":"rst","orig_name":"rst"},
{"name":"go","orig_name":"go"},
{"name":"a_gt_b","orig_name":"a_gt_b"},
{"name":"a_lt_b","orig_name":"a_lt_b"},
{"name":"a_eq_b","orig_name":"a_eq_b"},
{"name":"a_ld","orig_name":"a_ld"},
{"name":"b_ld","orig_name":"b_ld"},
{"name":"a_sel","orig_name":"a_sel"},
{"name":"b_sel","orig_name":"b_sel"},
{"name":"output_en","orig_name":"output_en"},
{"name":"done","orig_name":"done"}
]
},
{
"object":"d1",
"hdl_name":"d1",
"ports":
[
{"name":"output_en","orig_name":"output_en"},
{"name":"clk","orig_name":"clk"},
{"name":"rst","orig_name":"rst"},
{"name":"a_ld","orig_name":"a_ld"},
{"name":"b_ld","orig_name":"b_ld"},
{"name":"a_sel","orig_name":"a_sel"},
{"name":"b_sel","orig_name":"b_sel"},
{"name":"in1[31]","orig_name":"in1[31]"},
{"name":"in1[30]","orig_name":"in1[30]"},
{"name":"in1[29]","orig_name":"in1[29]"},
{"name":"in1[28]","orig_name":"in1[28]"},
{"name":"in1[27]","orig_name":"in1[27]"},
{"name":"in1[26]","orig_name":"in1[26]"},
{"name":"in1[25]","orig_name":"in1[25]"},
{"name":"in1[24]","orig_name":"in1[24]"},
{"name":"in1[23]","orig_name":"in1[23]"},
{"name":"in1[22]","orig_name":"in1[22]"},
{"name":"in1[21]","orig_name":"in1[21]"},
{"name":"in1[20]","orig_name":"in1[20]"},
{"name":"in1[19]","orig_name":"in1[19]"},
{"name":"in1[18]","orig_name":"in1[18]"},
{"name":"in1[17]","orig_name":"in1[17]"},
{"name":"in1[16]","orig_name":"in1[16]"},
{"name":"in1[15]","orig_name":"in1[15]"},
{"name":"in1[14]","orig_name":"in1[14]"},
{"name":"in1[13]","orig_name":"in1[13]"},
{"name":"in1[12]","orig_name":"in1[12]"},
{"name":"in1[11]","orig_name":"in1[11]"},
{"name":"in1[10]","orig_name":"in1[10]"},
{"name":"in1[9]","orig_name":"in1[9]"},
{"name":"in1[8]","orig_name":"in1[8]"},
{"name":"in1[7]","orig_name":"in1[7]"},
{"name":"in1[6]","orig_name":"in1[6]"},
{"name":"in1[5]","orig_name":"in1[5]"},
{"name":"in1[4]","orig_name":"in1[4]"},
{"name":"in1[3]","orig_name":"in1[3]"},
{"name":"in1[2]","orig_name":"in1[2]"},
{"name":"in1[1]","orig_name":"in1[1]"},
{"name":"in1[0]","orig_name":"in1[0]"},
{"name":"in2[31]","orig_name":"in2[31]"},
{"name":"in2[30]","orig_name":"in2[30]"},
{"name":"in2[29]","orig_name":"in2[29]"},
{"name":"in2[28]","orig_name":"in2[28]"},
{"name":"in2[27]","orig_name":"in2[27]"},
{"name":"in2[26]","orig_name":"in2[26]"},
{"name":"in2[25]","orig_name":"in2[25]"},
{"name":"in2[24]","orig_name":"in2[24]"},
{"name":"in2[23]","orig_name":"in2[23]"},
{"name":"in2[22]","orig_name":"in2[22]"},
{"name":"in2[21]","orig_name":"in2[21]"},
{"name":"in2[20]","orig_name":"in2[20]"},
{"name":"in2[19]","orig_name":"in2[19]"},
{"name":"in2[18]","orig_name":"in2[18]"},
{"name":"in2[17]","orig_name":"in2[17]"},
{"name":"in2[16]","orig_name":"in2[16]"},
{"name":"in2[15]","orig_name":"in2[15]"},
{"name":"in2[14]","orig_name":"in2[14]"},
{"name":"in2[13]","orig_name":"in2[13]"},
{"name":"in2[12]","orig_name":"in2[12]"},
{"name":"in2[11]","orig_name":"in2[11]"},
{"name":"in2[10]","orig_name":"in2[10]"},
{"name":"in2[9]","orig_name":"in2[9]"},
{"name":"in2[8]","orig_name":"in2[8]"},
{"name":"in2[7]","orig_name":"in2[7]"},
{"name":"in2[6]","orig_name":"in2[6]"},
{"name":"in2[5]","orig_name":"in2[5]"},
{"name":"in2[4]","orig_name":"in2[4]"},
{"name":"in2[3]","orig_name":"in2[3]"},
{"name":"in2[2]","orig_name":"in2[2]"},
{"name":"in2[1]","orig_name":"in2[1]"},
{"name":"in2[0]","orig_name":"in2[0]"},
{"name":"a_gt_b","orig_name":"a_gt_b"},
{"name":"a_lt_b","orig_name":"a_lt_b"},
{"name":"a_eq_b","orig_name":"a_eq_b"},
{"name":"out[31]","orig_name":"out[31]"},
{"name":"out[30]","orig_name":"out[30]"},
{"name":"out[29]","orig_name":"out[29]"},
{"name":"out[28]","orig_name":"out[28]"},
{"name":"out[27]","orig_name":"out[27]"},
{"name":"out[26]","orig_name":"out[26]"},
{"name":"out[25]","orig_name":"out[25]"},
{"name":"out[24]","orig_name":"out[24]"},
{"name":"out[23]","orig_name":"out[23]"},
{"name":"out[22]","orig_name":"out[22]"},
{"name":"out[21]","orig_name":"out[21]"},
{"name":"out[20]","orig_name":"out[20]"},
{"name":"out[19]","orig_name":"out[19]"},
{"name":"out[18]","orig_name":"out[18]"},
{"name":"out[17]","orig_name":"out[17]"},
{"name":"out[16]","orig_name":"out[16]"},
{"name":"out[15]","orig_name":"out[15]"},
{"name":"out[14]","orig_name":"out[14]"},
{"name":"out[13]","orig_name":"out[13]"},
{"name":"out[12]","orig_name":"out[12]"},
{"name":"out[11]","orig_name":"out[11]"},
{"name":"out[10]","orig_name":"out[10]"},
{"name":"out[9]","orig_name":"out[9]"},
{"name":"out[8]","orig_name":"out[8]"},
{"name":"out[7]","orig_name":"out[7]"},
{"name":"out[6]","orig_name":"out[6]"},
{"name":"out[5]","orig_name":"out[5]"},
{"name":"out[4]","orig_name":"out[4]"},
{"name":"out[3]","orig_name":"out[3]"},
{"name":"out[2]","orig_name":"out[2]"},
{"name":"out[1]","orig_name":"out[1]"},
{"name":"out[0]","orig_name":"out[0]"}
]
},
{
"object":"d1/c1",
"hdl_name":"d1/c1",
"ports":
[
{"name":"a[31]","orig_name":"a[31]"},
{"name":"a[30]","orig_name":"a[30]"},
{"name":"a[29]","orig_name":"a[29]"},
{"name":"a[28]","orig_name":"a[28]"},
{"name":"a[27]","orig_name":"a[27]"},
{"name":"a[26]","orig_name":"a[26]"},
{"name":"a[25]","orig_name":"a[25]"},
{"name":"a[24]","orig_name":"a[24]"},
{"name":"a[23]","orig_name":"a[23]"},
{"name":"a[22]","orig_name":"a[22]"},
{"name":"a[21]","orig_name":"a[21]"},
{"name":"a[20]","orig_name":"a[20]"},
{"name":"a[19]","orig_name":"a[19]"},
{"name":"a[18]","orig_name":"a[18]"},
{"name":"a[17]","orig_name":"a[17]"},
{"name":"a[16]","orig_name":"a[16]"},
{"name":"a[15]","orig_name":"a[15]"},
{"name":"a[14]","orig_name":"a[14]"},
{"name":"a[13]","orig_name":"a[13]"},
{"name":"a[12]","orig_name":"a[12]"},
{"name":"a[11]","orig_name":"a[11]"},
{"name":"a[10]","orig_name":"a[10]"},
{"name":"a[9]","orig_name":"a[9]"},
{"name":"a[8]","orig_name":"a[8]"},
{"name":"a[7]","orig_name":"a[7]"},
{"name":"a[6]","orig_name":"a[6]"},
{"name":"a[5]","orig_name":"a[5]"},
{"name":"a[4]","orig_name":"a[4]"},
{"name":"a[3]","orig_name":"a[3]"},
{"name":"a[2]","orig_name":"a[2]"},
{"name":"a[1]","orig_name":"a[1]"},
{"name":"a[0]","orig_name":"a[0]"},
{"name":"b[31]","orig_name":"b[31]"},
{"name":"b[30]","orig_name":"b[30]"},
{"name":"b[29]","orig_name":"b[29]"},
{"name":"b[28]","orig_name":"b[28]"},
{"name":"b[27]","orig_name":"b[27]"},
{"name":"b[26]","orig_name":"b[26]"},
{"name":"b[25]","orig_name":"b[25]"},
{"name":"b[24]","orig_name":"b[24]"},
{"name":"b[23]","orig_name":"b[23]"},
{"name":"b[22]","orig_name":"b[22]"},
{"name":"b[21]","orig_name":"b[21]"},
{"name":"b[20]","orig_name":"b[20]"},
{"name":"b[19]","orig_name":"b[19]"},
{"name":"b[18]","orig_name":"b[18]"},
{"name":"b[17]","orig_name":"b[17]"},
{"name":"b[16]","orig_name":"b[16]"},
{"name":"b[15]","orig_name":"b[15]"},
{"name":"b[14]","orig_name":"b[14]"},
{"name":"b[13]","orig_name":"b[13]"},
{"name":"b[12]","orig_name":"b[12]"},
{"name":"b[11]","orig_name":"b[11]"},
{"name":"b[10]","orig_name":"b[10]"},
{"name":"b[9]","orig_name":"b[9]"},
{"name":"b[8]","orig_name":"b[8]"},
{"name":"b[7]","orig_name":"b[7]"},
{"name":"b[6]","orig_name":"b[6]"},
{"name":"b[5]","orig_name":"b[5]"},
{"name":"b[4]","orig_name":"b[4]"},
{"name":"b[3]","orig_name":"b[3]"},
{"name":"b[2]","orig_name":"b[2]"},
{"name":"b[1]","orig_name":"b[1]"},
{"name":"b[0]","orig_name":"b[0]"},
{"name":"a_gt_b","orig_name":"a_gt_b"},
{"name":"a_lt_b","orig_name":"a_lt_b"},
{"name":"a_eq_b","orig_name":"a_eq_b"}
]
},
{
"object":"d1/m1",
"hdl_name":"d1/m1",
"ports":
[
{"name":"i0[31]","orig_name":"i0[31]"},
{"name":"i0[30]","orig_name":"i0[30]"},
{"name":"i0[29]","orig_name":"i0[29]"},
{"name":"i0[28]","orig_name":"i0[28]"},
{"name":"i0[27]","orig_name":"i0[27]"},
{"name":"i0[26]","orig_name":"i0[26]"},
{"name":"i0[25]","orig_name":"i0[25]"},
{"name":"i0[24]","orig_name":"i0[24]"},
{"name":"i0[23]","orig_name":"i0[23]"},
{"name":"i0[22]","orig_name":"i0[22]"},
{"name":"i0[21]","orig_name":"i0[21]"},
{"name":"i0[20]","orig_name":"i0[20]"},
{"name":"i0[19]","orig_name":"i0[19]"},
{"name":"i0[18]","orig_name":"i0[18]"},
{"name":"i0[17]","orig_name":"i0[17]"},
{"name":"i0[16]","orig_name":"i0[16]"},
{"name":"i0[15]","orig_name":"i0[15]"},
{"name":"i0[14]","orig_name":"i0[14]"},
{"name":"i0[13]","orig_name":"i0[13]"},
{"name":"i0[12]","orig_name":"i0[12]"},
{"name":"i0[11]","orig_name":"i0[11]"},
{"name":"i0[10]","orig_name":"i0[10]"},
{"name":"i0[9]","orig_name":"i0[9]"},
{"name":"i0[8]","orig_name":"i0[8]"},
{"name":"i0[7]","orig_name":"i0[7]"},
{"name":"i0[6]","orig_name":"i0[6]"},
{"name":"i0[5]","orig_name":"i0[5]"},
{"name":"i0[4]","orig_name":"i0[4]"},
{"name":"i0[3]","orig_name":"i0[3]"},
{"name":"i0[2]","orig_name":"i0[2]"},
{"name":"i0[1]","orig_name":"i0[1]"},
{"name":"i0[0]","orig_name":"i0[0]"},
{"name":"i1[31]","orig_name":"i1[31]"},
{"name":"i1[30]","orig_name":"i1[30]"},
{"name":"i1[29]","orig_name":"i1[29]"},
{"name":"i1[28]","orig_name":"i1[28]"},
{"name":"i1[27]","orig_name":"i1[27]"},
{"name":"i1[26]","orig_name":"i1[26]"},
{"name":"i1[25]","orig_name":"i1[25]"},
{"name":"i1[24]","orig_name":"i1[24]"},
{"name":"i1[23]","orig_name":"i1[23]"},
{"name":"i1[22]","orig_name":"i1[22]"},
{"name":"i1[21]","orig_name":"i1[21]"},
{"name":"i1[20]","orig_name":"i1[20]"},
{"name":"i1[19]","orig_name":"i1[19]"},
{"name":"i1[18]","orig_name":"i1[18]"},
{"name":"i1[17]","orig_name":"i1[17]"},
{"name":"i1[16]","orig_name":"i1[16]"},
{"name":"i1[15]","orig_name":"i1[15]"},
{"name":"i1[14]","orig_name":"i1[14]"},
{"name":"i1[13]","orig_name":"i1[13]"},
{"name":"i1[12]","orig_name":"i1[12]"},
{"name":"i1[11]","orig_name":"i1[11]"},
{"name":"i1[10]","orig_name":"i1[10]"},
{"name":"i1[9]","orig_name":"i1[9]"},
{"name":"i1[8]","orig_name":"i1[8]"},
{"name":"i1[7]","orig_name":"i1[7]"},
{"name":"i1[6]","orig_name":"i1[6]"},
{"name":"i1[5]","orig_name":"i1[5]"},
{"name":"i1[4]","orig_name":"i1[4]"},
{"name":"i1[3]","orig_name":"i1[3]"},
{"name":"i1[2]","orig_name":"i1[2]"},
{"name":"i1[1]","orig_name":"i1[1]"},
{"name":"i1[0]","orig_name":"i1[0]"},
{"name":"sel","orig_name":"sel"},
{"name":"mout[31]","orig_name":"mout[31]"},
{"name":"mout[30]","orig_name":"mout[30]"},
{"name":"mout[29]","orig_name":"mout[29]"},
{"name":"mout[28]","orig_name":"mout[28]"},
{"name":"mout[27]","orig_name":"mout[27]"},
{"name":"mout[26]","orig_name":"mout[26]"},
{"name":"mout[25]","orig_name":"mout[25]"},
{"name":"mout[24]","orig_name":"mout[24]"},
{"name":"mout[23]","orig_name":"mout[23]"},
{"name":"mout[22]","orig_name":"mout[22]"},
{"name":"mout[21]","orig_name":"mout[21]"},
{"name":"mout[20]","orig_name":"mout[20]"},
{"name":"mout[19]","orig_name":"mout[19]"},
{"name":"mout[18]","orig_name":"mout[18]"},
{"name":"mout[17]","orig_name":"mout[17]"},
{"name":"mout[16]","orig_name":"mout[16]"},
{"name":"mout[15]","orig_name":"mout[15]"},
{"name":"mout[14]","orig_name":"mout[14]"},
{"name":"mout[13]","orig_name":"mout[13]"},
{"name":"mout[12]","orig_name":"mout[12]"},
{"name":"mout[11]","orig_name":"mout[11]"},
{"name":"mout[10]","orig_name":"mout[10]"},
{"name":"mout[9]","orig_name":"mout[9]"},
{"name":"mout[8]","orig_name":"mout[8]"},
{"name":"mout[7]","orig_name":"mout[7]"},
{"name":"mout[6]","orig_name":"mout[6]"},
{"name":"mout[5]","orig_name":"mout[5]"},
{"name":"mout[4]","orig_name":"mout[4]"},
{"name":"mout[3]","orig_name":"mout[3]"},
{"name":"mout[2]","orig_name":"mout[2]"},
{"name":"mout[1]","orig_name":"mout[1]"},
{"name":"mout[0]","orig_name":"mout[0]"}
]
},
{
"object":"d1/m2",
"hdl_name":"d1/m2",
"ports":
[
{"name":"i0[31]","orig_name":"i0[31]"},
{"name":"i0[30]","orig_name":"i0[30]"},
{"name":"i0[29]","orig_name":"i0[29]"},
{"name":"i0[28]","orig_name":"i0[28]"},
{"name":"i0[27]","orig_name":"i0[27]"},
{"name":"i0[26]","orig_name":"i0[26]"},
{"name":"i0[25]","orig_name":"i0[25]"},
{"name":"i0[24]","orig_name":"i0[24]"},
{"name":"i0[23]","orig_name":"i0[23]"},
{"name":"i0[22]","orig_name":"i0[22]"},
{"name":"i0[21]","orig_name":"i0[21]"},
{"name":"i0[20]","orig_name":"i0[20]"},
{"name":"i0[19]","orig_name":"i0[19]"},
{"name":"i0[18]","orig_name":"i0[18]"},
{"name":"i0[17]","orig_name":"i0[17]"},
{"name":"i0[16]","orig_name":"i0[16]"},
{"name":"i0[15]","orig_name":"i0[15]"},
{"name":"i0[14]","orig_name":"i0[14]"},
{"name":"i0[13]","orig_name":"i0[13]"},
{"name":"i0[12]","orig_name":"i0[12]"},
{"name":"i0[11]","orig_name":"i0[11]"},
{"name":"i0[10]","orig_name":"i0[10]"},
{"name":"i0[9]","orig_name":"i0[9]"},
{"name":"i0[8]","orig_name":"i0[8]"},
{"name":"i0[7]","orig_name":"i0[7]"},
{"name":"i0[6]","orig_name":"i0[6]"},
{"name":"i0[5]","orig_name":"i0[5]"},
{"name":"i0[4]","orig_name":"i0[4]"},
{"name":"i0[3]","orig_name":"i0[3]"},
{"name":"i0[2]","orig_name":"i0[2]"},
{"name":"i0[1]","orig_name":"i0[1]"},
{"name":"i0[0]","orig_name":"i0[0]"},
{"name":"i1[31]","orig_name":"i1[31]"},
{"name":"i1[30]","orig_name":"i1[30]"},
{"name":"i1[29]","orig_name":"i1[29]"},
{"name":"i1[28]","orig_name":"i1[28]"},
{"name":"i1[27]","orig_name":"i1[27]"},
{"name":"i1[26]","orig_name":"i1[26]"},
{"name":"i1[25]","orig_name":"i1[25]"},
{"name":"i1[24]","orig_name":"i1[24]"},
{"name":"i1[23]","orig_name":"i1[23]"},
{"name":"i1[22]","orig_name":"i1[22]"},
{"name":"i1[21]","orig_name":"i1[21]"},
{"name":"i1[20]","orig_name":"i1[20]"},
{"name":"i1[19]","orig_name":"i1[19]"},
{"name":"i1[18]","orig_name":"i1[18]"},
{"name":"i1[17]","orig_name":"i1[17]"},
{"name":"i1[16]","orig_name":"i1[16]"},
{"name":"i1[15]","orig_name":"i1[15]"},
{"name":"i1[14]","orig_name":"i1[14]"},
{"name":"i1[13]","orig_name":"i1[13]"},
{"name":"i1[12]","orig_name":"i1[12]"},
{"name":"i1[11]","orig_name":"i1[11]"},
{"name":"i1[10]","orig_name":"i1[10]"},
{"name":"i1[9]","orig_name":"i1[9]"},
{"name":"i1[8]","orig_name":"i1[8]"},
{"name":"i1[7]","orig_name":"i1[7]"},
{"name":"i1[6]","orig_name":"i1[6]"},
{"name":"i1[5]","orig_name":"i1[5]"},
{"name":"i1[4]","orig_name":"i1[4]"},
{"name":"i1[3]","orig_name":"i1[3]"},
{"name":"i1[2]","orig_name":"i1[2]"},
{"name":"i1[1]","orig_name":"i1[1]"},
{"name":"i1[0]","orig_name":"i1[0]"},
{"name":"sel","orig_name":"sel"},
{"name":"mout[31]","orig_name":"mout[31]"},
{"name":"mout[30]","orig_name":"mout[30]"},
{"name":"mout[29]","orig_name":"mout[29]"},
{"name":"mout[28]","orig_name":"mout[28]"},
{"name":"mout[27]","orig_name":"mout[27]"},
{"name":"mout[26]","orig_name":"mout[26]"},
{"name":"mout[25]","orig_name":"mout[25]"},
{"name":"mout[24]","orig_name":"mout[24]"},
{"name":"mout[23]","orig_name":"mout[23]"},
{"name":"mout[22]","orig_name":"mout[22]"},
{"name":"mout[21]","orig_name":"mout[21]"},
{"name":"mout[20]","orig_name":"mout[20]"},
{"name":"mout[19]","orig_name":"mout[19]"},
{"name":"mout[18]","orig_name":"mout[18]"},
{"name":"mout[17]","orig_name":"mout[17]"},
{"name":"mout[16]","orig_name":"mout[16]"},
{"name":"mout[15]","orig_name":"mout[15]"},
{"name":"mout[14]","orig_name":"mout[14]"},
{"name":"mout[13]","orig_name":"mout[13]"},
{"name":"mout[12]","orig_name":"mout[12]"},
{"name":"mout[11]","orig_name":"mout[11]"},
{"name":"mout[10]","orig_name":"mout[10]"},
{"name":"mout[9]","orig_name":"mout[9]"},
{"name":"mout[8]","orig_name":"mout[8]"},
{"name":"mout[7]","orig_name":"mout[7]"},
{"name":"mout[6]","orig_name":"mout[6]"},
{"name":"mout[5]","orig_name":"mout[5]"},
{"name":"mout[4]","orig_name":"mout[4]"},
{"name":"mout[3]","orig_name":"mout[3]"},
{"name":"mout[2]","orig_name":"mout[2]"},
{"name":"mout[1]","orig_name":"mout[1]"},
{"name":"mout[0]","orig_name":"mout[0]"}
]
},
{
"object":"d1/o1",
"hdl_name":"d1/o1",
"ports":
[
{"name":"clk","orig_name":"clk"},
{"name":"rst","orig_name":"rst"},
{"name":"load","orig_name":"load"},
{"name":"rin[31]","orig_name":"rin[31]"},
{"name":"rin[30]","orig_name":"rin[30]"},
{"name":"rin[29]","orig_name":"rin[29]"},
{"name":"rin[28]","orig_name":"rin[28]"},
{"name":"rin[27]","orig_name":"rin[27]"},
{"name":"rin[26]","orig_name":"rin[26]"},
{"name":"rin[25]","orig_name":"rin[25]"},
{"name":"rin[24]","orig_name":"rin[24]"},
{"name":"rin[23]","orig_name":"rin[23]"},
{"name":"rin[22]","orig_name":"rin[22]"},
{"name":"rin[21]","orig_name":"rin[21]"},
{"name":"rin[20]","orig_name":"rin[20]"},
{"name":"rin[19]","orig_name":"rin[19]"},
{"name":"rin[18]","orig_name":"rin[18]"},
{"name":"rin[17]","orig_name":"rin[17]"},
{"name":"rin[16]","orig_name":"rin[16]"},
{"name":"rin[15]","orig_name":"rin[15]"},
{"name":"rin[14]","orig_name":"rin[14]"},
{"name":"rin[13]","orig_name":"rin[13]"},
{"name":"rin[12]","orig_name":"rin[12]"},
{"name":"rin[11]","orig_name":"rin[11]"},
{"name":"rin[10]","orig_name":"rin[10]"},
{"name":"rin[9]","orig_name":"rin[9]"},
{"name":"rin[8]","orig_name":"rin[8]"},
{"name":"rin[7]","orig_name":"rin[7]"},
{"name":"rin[6]","orig_name":"rin[6]"},
{"name":"rin[5]","orig_name":"rin[5]"},
{"name":"rin[4]","orig_name":"rin[4]"},
{"name":"rin[3]","orig_name":"rin[3]"},
{"name":"rin[2]","orig_name":"rin[2]"},
{"name":"rin[1]","orig_name":"rin[1]"},
{"name":"rin[0]","orig_name":"rin[0]"},
{"name":"rnout[31]","orig_name":"rnout[31]"},
{"name":"rnout[30]","orig_name":"rnout[30]"},
{"name":"rnout[29]","orig_name":"rnout[29]"},
{"name":"rnout[28]","orig_name":"rnout[28]"},
{"name":"rnout[27]","orig_name":"rnout[27]"},
{"name":"rnout[26]","orig_name":"rnout[26]"},
{"name":"rnout[25]","orig_name":"rnout[25]"},
{"name":"rnout[24]","orig_name":"rnout[24]"},
{"name":"rnout[23]","orig_name":"rnout[23]"},
{"name":"rnout[22]","orig_name":"rnout[22]"},
{"name":"rnout[21]","orig_name":"rnout[21]"},
{"name":"rnout[20]","orig_name":"rnout[20]"},
{"name":"rnout[19]","orig_name":"rnout[19]"},
{"name":"rnout[18]","orig_name":"rnout[18]"},
{"name":"rnout[17]","orig_name":"rnout[17]"},
{"name":"rnout[16]","orig_name":"rnout[16]"},
{"name":"rnout[15]","orig_name":"rnout[15]"},
{"name":"rnout[14]","orig_name":"rnout[14]"},
{"name":"rnout[13]","orig_name":"rnout[13]"},
{"name":"rnout[12]","orig_name":"rnout[12]"},
{"name":"rnout[11]","orig_name":"rnout[11]"},
{"name":"rnout[10]","orig_name":"rnout[10]"},
{"name":"rnout[9]","orig_name":"rnout[9]"},
{"name":"rnout[8]","orig_name":"rnout[8]"},
{"name":"rnout[7]","orig_name":"rnout[7]"},
{"name":"rnout[6]","orig_name":"rnout[6]"},
{"name":"rnout[5]","orig_name":"rnout[5]"},
{"name":"rnout[4]","orig_name":"rnout[4]"},
{"name":"rnout[3]","orig_name":"rnout[3]"},
{"name":"rnout[2]","orig_name":"rnout[2]"},
{"name":"rnout[1]","orig_name":"rnout[1]"},
{"name":"rnout[0]","orig_name":"rnout[0]"}
]
},
{
"object":"d1/r1",
"hdl_name":"d1/r1",
"ports":
[
{"name":"clk","orig_name":"clk"},
{"name":"rst","orig_name":"rst"},
{"name":"load","orig_name":"load"},
{"name":"rin[31]","orig_name":"rin[31]"},
{"name":"rin[30]","orig_name":"rin[30]"},
{"name":"rin[29]","orig_name":"rin[29]"},
{"name":"rin[28]","orig_name":"rin[28]"},
{"name":"rin[27]","orig_name":"rin[27]"},
{"name":"rin[26]","orig_name":"rin[26]"},
{"name":"rin[25]","orig_name":"rin[25]"},
{"name":"rin[24]","orig_name":"rin[24]"},
{"name":"rin[23]","orig_name":"rin[23]"},
{"name":"rin[22]","orig_name":"rin[22]"},
{"name":"rin[21]","orig_name":"rin[21]"},
{"name":"rin[20]","orig_name":"rin[20]"},
{"name":"rin[19]","orig_name":"rin[19]"},
{"name":"rin[18]","orig_name":"rin[18]"},
{"name":"rin[17]","orig_name":"rin[17]"},
{"name":"rin[16]","orig_name":"rin[16]"},
{"name":"rin[15]","orig_name":"rin[15]"},
{"name":"rin[14]","orig_name":"rin[14]"},
{"name":"rin[13]","orig_name":"rin[13]"},
{"name":"rin[12]","orig_name":"rin[12]"},
{"name":"rin[11]","orig_name":"rin[11]"},
{"name":"rin[10]","orig_name":"rin[10]"},
{"name":"rin[9]","orig_name":"rin[9]"},
{"name":"rin[8]","orig_name":"rin[8]"},
{"name":"rin[7]","orig_name":"rin[7]"},
{"name":"rin[6]","orig_name":"rin[6]"},
{"name":"rin[5]","orig_name":"rin[5]"},
{"name":"rin[4]","orig_name":"rin[4]"},
{"name":"rin[3]","orig_name":"rin[3]"},
{"name":"rin[2]","orig_name":"rin[2]"},
{"name":"rin[1]","orig_name":"rin[1]"},
{"name":"rin[0]","orig_name":"rin[0]"},
{"name":"rnout[31]","orig_name":"rnout[31]"},
{"name":"rnout[30]","orig_name":"rnout[30]"},
{"name":"rnout[29]","orig_name":"rnout[29]"},
{"name":"rnout[28]","orig_name":"rnout[28]"},
{"name":"rnout[27]","orig_name":"rnout[27]"},
{"name":"rnout[26]","orig_name":"rnout[26]"},
{"name":"rnout[25]","orig_name":"rnout[25]"},
{"name":"rnout[24]","orig_name":"rnout[24]"},
{"name":"rnout[23]","orig_name":"rnout[23]"},
{"name":"rnout[22]","orig_name":"rnout[22]"},
{"name":"rnout[21]","orig_name":"rnout[21]"},
{"name":"rnout[20]","orig_name":"rnout[20]"},
{"name":"rnout[19]","orig_name":"rnout[19]"},
{"name":"rnout[18]","orig_name":"rnout[18]"},
{"name":"rnout[17]","orig_name":"rnout[17]"},
{"name":"rnout[16]","orig_name":"rnout[16]"},
{"name":"rnout[15]","orig_name":"rnout[15]"},
{"name":"rnout[14]","orig_name":"rnout[14]"},
{"name":"rnout[13]","orig_name":"rnout[13]"},
{"name":"rnout[12]","orig_name":"rnout[12]"},
{"name":"rnout[11]","orig_name":"rnout[11]"},
{"name":"rnout[10]","orig_name":"rnout[10]"},
{"name":"rnout[9]","orig_name":"rnout[9]"},
{"name":"rnout[8]","orig_name":"rnout[8]"},
{"name":"rnout[7]","orig_name":"rnout[7]"},
{"name":"rnout[6]","orig_name":"rnout[6]"},
{"name":"rnout[5]","orig_name":"rnout[5]"},
{"name":"rnout[4]","orig_name":"rnout[4]"},
{"name":"rnout[3]","orig_name":"rnout[3]"},
{"name":"rnout[2]","orig_name":"rnout[2]"},
{"name":"rnout[1]","orig_name":"rnout[1]"},
{"name":"rnout[0]","orig_name":"rnout[0]"}
]
},
{
"object":"d1/r2",
"hdl_name":"d1/r2",
"ports":
[
{"name":"clk","orig_name":"clk"},
{"name":"rst","orig_name":"rst"},
{"name":"load","orig_name":"load"},
{"name":"rin[31]","orig_name":"rin[31]"},
{"name":"rin[30]","orig_name":"rin[30]"},
{"name":"rin[29]","orig_name":"rin[29]"},
{"name":"rin[28]","orig_name":"rin[28]"},
{"name":"rin[27]","orig_name":"rin[27]"},
{"name":"rin[26]","orig_name":"rin[26]"},
{"name":"rin[25]","orig_name":"rin[25]"},
{"name":"rin[24]","orig_name":"rin[24]"},
{"name":"rin[23]","orig_name":"rin[23]"},
{"name":"rin[22]","orig_name":"rin[22]"},
{"name":"rin[21]","orig_name":"rin[21]"},
{"name":"rin[20]","orig_name":"rin[20]"},
{"name":"rin[19]","orig_name":"rin[19]"},
{"name":"rin[18]","orig_name":"rin[18]"},
{"name":"rin[17]","orig_name":"rin[17]"},
{"name":"rin[16]","orig_name":"rin[16]"},
{"name":"rin[15]","orig_name":"rin[15]"},
{"name":"rin[14]","orig_name":"rin[14]"},
{"name":"rin[13]","orig_name":"rin[13]"},
{"name":"rin[12]","orig_name":"rin[12]"},
{"name":"rin[11]","orig_name":"rin[11]"},
{"name":"rin[10]","orig_name":"rin[10]"},
{"name":"rin[9]","orig_name":"rin[9]"},
{"name":"rin[8]","orig_name":"rin[8]"},
{"name":"rin[7]","orig_name":"rin[7]"},
{"name":"rin[6]","orig_name":"rin[6]"},
{"name":"rin[5]","orig_name":"rin[5]"},
{"name":"rin[4]","orig_name":"rin[4]"},
{"name":"rin[3]","orig_name":"rin[3]"},
{"name":"rin[2]","orig_name":"rin[2]"},
{"name":"rin[1]","orig_name":"rin[1]"},
{"name":"rin[0]","orig_name":"rin[0]"},
{"name":"rnout[31]","orig_name":"rnout[31]"},
{"name":"rnout[30]","orig_name":"rnout[30]"},
{"name":"rnout[29]","orig_name":"rnout[29]"},
{"name":"rnout[28]","orig_name":"rnout[28]"},
{"name":"rnout[27]","orig_name":"rnout[27]"},
{"name":"rnout[26]","orig_name":"rnout[26]"},
{"name":"rnout[25]","orig_name":"rnout[25]"},
{"name":"rnout[24]","orig_name":"rnout[24]"},
{"name":"rnout[23]","orig_name":"rnout[23]"},
{"name":"rnout[22]","orig_name":"rnout[22]"},
{"name":"rnout[21]","orig_name":"rnout[21]"},
{"name":"rnout[20]","orig_name":"rnout[20]"},
{"name":"rnout[19]","orig_name":"rnout[19]"},
{"name":"rnout[18]","orig_name":"rnout[18]"},
{"name":"rnout[17]","orig_name":"rnout[17]"},
{"name":"rnout[16]","orig_name":"rnout[16]"},
{"name":"rnout[15]","orig_name":"rnout[15]"},
{"name":"rnout[14]","orig_name":"rnout[14]"},
{"name":"rnout[13]","orig_name":"rnout[13]"},
{"name":"rnout[12]","orig_name":"rnout[12]"},
{"name":"rnout[11]","orig_name":"rnout[11]"},
{"name":"rnout[10]","orig_name":"rnout[10]"},
{"name":"rnout[9]","orig_name":"rnout[9]"},
{"name":"rnout[8]","orig_name":"rnout[8]"},
{"name":"rnout[7]","orig_name":"rnout[7]"},
{"name":"rnout[6]","orig_name":"rnout[6]"},
{"name":"rnout[5]","orig_name":"rnout[5]"},
{"name":"rnout[4]","orig_name":"rnout[4]"},
{"name":"rnout[3]","orig_name":"rnout[3]"},
{"name":"rnout[2]","orig_name":"rnout[2]"},
{"name":"rnout[1]","orig_name":"rnout[1]"},
{"name":"rnout[0]","orig_name":"rnout[0]"}
]
},
{
"object":"d1/s1",
"hdl_name":"d1/s1",
"ports":
[
{"name":"a[31]","orig_name":"a[31]"},
{"name":"a[30]","orig_name":"a[30]"},
{"name":"a[29]","orig_name":"a[29]"},
{"name":"a[28]","orig_name":"a[28]"},
{"name":"a[27]","orig_name":"a[27]"},
{"name":"a[26]","orig_name":"a[26]"},
{"name":"a[25]","orig_name":"a[25]"},
{"name":"a[24]","orig_name":"a[24]"},
{"name":"a[23]","orig_name":"a[23]"},
{"name":"a[22]","orig_name":"a[22]"},
{"name":"a[21]","orig_name":"a[21]"},
{"name":"a[20]","orig_name":"a[20]"},
{"name":"a[19]","orig_name":"a[19]"},
{"name":"a[18]","orig_name":"a[18]"},
{"name":"a[17]","orig_name":"a[17]"},
{"name":"a[16]","orig_name":"a[16]"},
{"name":"a[15]","orig_name":"a[15]"},
{"name":"a[14]","orig_name":"a[14]"},
{"name":"a[13]","orig_name":"a[13]"},
{"name":"a[12]","orig_name":"a[12]"},
{"name":"a[11]","orig_name":"a[11]"},
{"name":"a[10]","orig_name":"a[10]"},
{"name":"a[9]","orig_name":"a[9]"},
{"name":"a[8]","orig_name":"a[8]"},
{"name":"a[7]","orig_name":"a[7]"},
{"name":"a[6]","orig_name":"a[6]"},
{"name":"a[5]","orig_name":"a[5]"},
{"name":"a[4]","orig_name":"a[4]"},
{"name":"a[3]","orig_name":"a[3]"},
{"name":"a[2]","orig_name":"a[2]"},
{"name":"a[1]","orig_name":"a[1]"},
{"name":"a[0]","orig_name":"a[0]"},
{"name":"b[31]","orig_name":"b[31]"},
{"name":"b[30]","orig_name":"b[30]"},
{"name":"b[29]","orig_name":"b[29]"},
{"name":"b[28]","orig_name":"b[28]"},
{"name":"b[27]","orig_name":"b[27]"},
{"name":"b[26]","orig_name":"b[26]"},
{"name":"b[25]","orig_name":"b[25]"},
{"name":"b[24]","orig_name":"b[24]"},
{"name":"b[23]","orig_name":"b[23]"},
{"name":"b[22]","orig_name":"b[22]"},
{"name":"b[21]","orig_name":"b[21]"},
{"name":"b[20]","orig_name":"b[20]"},
{"name":"b[19]","orig_name":"b[19]"},
{"name":"b[18]","orig_name":"b[18]"},
{"name":"b[17]","orig_name":"b[17]"},
{"name":"b[16]","orig_name":"b[16]"},
{"name":"b[15]","orig_name":"b[15]"},
{"name":"b[14]","orig_name":"b[14]"},
{"name":"b[13]","orig_name":"b[13]"},
{"name":"b[12]","orig_name":"b[12]"},
{"name":"b[11]","orig_name":"b[11]"},
{"name":"b[10]","orig_name":"b[10]"},
{"name":"b[9]","orig_name":"b[9]"},
{"name":"b[8]","orig_name":"b[8]"},
{"name":"b[7]","orig_name":"b[7]"},
{"name":"b[6]","orig_name":"b[6]"},
{"name":"b[5]","orig_name":"b[5]"},
{"name":"b[4]","orig_name":"b[4]"},
{"name":"b[3]","orig_name":"b[3]"},
{"name":"b[2]","orig_name":"b[2]"},
{"name":"b[1]","orig_name":"b[1]"},
{"name":"b[0]","orig_name":"b[0]"},
{"name":"s1[31]","orig_name":"s1[31]"},
{"name":"s1[30]","orig_name":"s1[30]"},
{"name":"s1[29]","orig_name":"s1[29]"},
{"name":"s1[28]","orig_name":"s1[28]"},
{"name":"s1[27]","orig_name":"s1[27]"},
{"name":"s1[26]","orig_name":"s1[26]"},
{"name":"s1[25]","orig_name":"s1[25]"},
{"name":"s1[24]","orig_name":"s1[24]"},
{"name":"s1[23]","orig_name":"s1[23]"},
{"name":"s1[22]","orig_name":"s1[22]"},
{"name":"s1[21]","orig_name":"s1[21]"},
{"name":"s1[20]","orig_name":"s1[20]"},
{"name":"s1[19]","orig_name":"s1[19]"},
{"name":"s1[18]","orig_name":"s1[18]"},
{"name":"s1[17]","orig_name":"s1[17]"},
{"name":"s1[16]","orig_name":"s1[16]"},
{"name":"s1[15]","orig_name":"s1[15]"},
{"name":"s1[14]","orig_name":"s1[14]"},
{"name":"s1[13]","orig_name":"s1[13]"},
{"name":"s1[12]","orig_name":"s1[12]"},
{"name":"s1[11]","orig_name":"s1[11]"},
{"name":"s1[10]","orig_name":"s1[10]"},
{"name":"s1[9]","orig_name":"s1[9]"},
{"name":"s1[8]","orig_name":"s1[8]"},
{"name":"s1[7]","orig_name":"s1[7]"},
{"name":"s1[6]","orig_name":"s1[6]"},
{"name":"s1[5]","orig_name":"s1[5]"},
{"name":"s1[4]","orig_name":"s1[4]"},
{"name":"s1[3]","orig_name":"s1[3]"},
{"name":"s1[2]","orig_name":"s1[2]"},
{"name":"s1[1]","orig_name":"s1[1]"},
{"name":"s1[0]","orig_name":"s1[0]"}
]
},
{
"object":"d1/s2",
"hdl_name":"d1/s2",
"ports":
[
{"name":"a[31]","orig_name":"a[31]"},
{"name":"a[30]","orig_name":"a[30]"},
{"name":"a[29]","orig_name":"a[29]"},
{"name":"a[28]","orig_name":"a[28]"},
{"name":"a[27]","orig_name":"a[27]"},
{"name":"a[26]","orig_name":"a[26]"},
{"name":"a[25]","orig_name":"a[25]"},
{"name":"a[24]","orig_name":"a[24]"},
{"name":"a[23]","orig_name":"a[23]"},
{"name":"a[22]","orig_name":"a[22]"},
{"name":"a[21]","orig_name":"a[21]"},
{"name":"a[20]","orig_name":"a[20]"},
{"name":"a[19]","orig_name":"a[19]"},
{"name":"a[18]","orig_name":"a[18]"},
{"name":"a[17]","orig_name":"a[17]"},
{"name":"a[16]","orig_name":"a[16]"},
{"name":"a[15]","orig_name":"a[15]"},
{"name":"a[14]","orig_name":"a[14]"},
{"name":"a[13]","orig_name":"a[13]"},
{"name":"a[12]","orig_name":"a[12]"},
{"name":"a[11]","orig_name":"a[11]"},
{"name":"a[10]","orig_name":"a[10]"},
{"name":"a[9]","orig_name":"a[9]"},
{"name":"a[8]","orig_name":"a[8]"},
{"name":"a[7]","orig_name":"a[7]"},
{"name":"a[6]","orig_name":"a[6]"},
{"name":"a[5]","orig_name":"a[5]"},
{"name":"a[4]","orig_name":"a[4]"},
{"name":"a[3]","orig_name":"a[3]"},
{"name":"a[2]","orig_name":"a[2]"},
{"name":"a[1]","orig_name":"a[1]"},
{"name":"a[0]","orig_name":"a[0]"},
{"name":"b[31]","orig_name":"b[31]"},
{"name":"b[30]","orig_name":"b[30]"},
{"name":"b[29]","orig_name":"b[29]"},
{"name":"b[28]","orig_name":"b[28]"},
{"name":"b[27]","orig_name":"b[27]"},
{"name":"b[26]","orig_name":"b[26]"},
{"name":"b[25]","orig_name":"b[25]"},
{"name":"b[24]","orig_name":"b[24]"},
{"name":"b[23]","orig_name":"b[23]"},
{"name":"b[22]","orig_name":"b[22]"},
{"name":"b[21]","orig_name":"b[21]"},
{"name":"b[20]","orig_name":"b[20]"},
{"name":"b[19]","orig_name":"b[19]"},
{"name":"b[18]","orig_name":"b[18]"},
{"name":"b[17]","orig_name":"b[17]"},
{"name":"b[16]","orig_name":"b[16]"},
{"name":"b[15]","orig_name":"b[15]"},
{"name":"b[14]","orig_name":"b[14]"},
{"name":"b[13]","orig_name":"b[13]"},
{"name":"b[12]","orig_name":"b[12]"},
{"name":"b[11]","orig_name":"b[11]"},
{"name":"b[10]","orig_name":"b[10]"},
{"name":"b[9]","orig_name":"b[9]"},
{"name":"b[8]","orig_name":"b[8]"},
{"name":"b[7]","orig_name":"b[7]"},
{"name":"b[6]","orig_name":"b[6]"},
{"name":"b[5]","orig_name":"b[5]"},
{"name":"b[4]","orig_name":"b[4]"},
{"name":"b[3]","orig_name":"b[3]"},
{"name":"b[2]","orig_name":"b[2]"},
{"name":"b[1]","orig_name":"b[1]"},
{"name":"b[0]","orig_name":"b[0]"},
{"name":"s1[31]","orig_name":"s1[31]"},
{"name":"s1[30]","orig_name":"s1[30]"},
{"name":"s1[29]","orig_name":"s1[29]"},
{"name":"s1[28]","orig_name":"s1[28]"},
{"name":"s1[27]","orig_name":"s1[27]"},
{"name":"s1[26]","orig_name":"s1[26]"},
{"name":"s1[25]","orig_name":"s1[25]"},
{"name":"s1[24]","orig_name":"s1[24]"},
{"name":"s1[23]","orig_name":"s1[23]"},
{"name":"s1[22]","orig_name":"s1[22]"},
{"name":"s1[21]","orig_name":"s1[21]"},
{"name":"s1[20]","orig_name":"s1[20]"},
{"name":"s1[19]","orig_name":"s1[19]"},
{"name":"s1[18]","orig_name":"s1[18]"},
{"name":"s1[17]","orig_name":"s1[17]"},
{"name":"s1[16]","orig_name":"s1[16]"},
{"name":"s1[15]","orig_name":"s1[15]"},
{"name":"s1[14]","orig_name":"s1[14]"},
{"name":"s1[13]","orig_name":"s1[13]"},
{"name":"s1[12]","orig_name":"s1[12]"},
{"name":"s1[11]","orig_name":"s1[11]"},
{"name":"s1[10]","orig_name":"s1[10]"},
{"name":"s1[9]","orig_name":"s1[9]"},
{"name":"s1[8]","orig_name":"s1[8]"},
{"name":"s1[7]","orig_name":"s1[7]"},
{"name":"s1[6]","orig_name":"s1[6]"},
{"name":"s1[5]","orig_name":"s1[5]"},
{"name":"s1[4]","orig_name":"s1[4]"},
{"name":"s1[3]","orig_name":"s1[3]"},
{"name":"s1[2]","orig_name":"s1[2]"},
{"name":"s1[1]","orig_name":"s1[1]"},
{"name":"s1[0]","orig_name":"s1[0]"}
]
}
]
