[
{
"object":"radix_no1",
"hdl_name":"radix_no1",
"ports":
[
{"name":"state[1]","orig_name":"state[1]"},
{"name":"state[0]","orig_name":"state[0]"},
{"name":"din_a_r[23]","orig_name":"din_a_r[23]"},
{"name":"din_a_r[22]","orig_name":"din_a_r[22]"},
{"name":"din_a_r[21]","orig_name":"din_a_r[21]"},
{"name":"din_a_r[20]","orig_name":"din_a_r[20]"},
{"name":"din_a_r[19]","orig_name":"din_a_r[19]"},
{"name":"din_a_r[18]","orig_name":"din_a_r[18]"},
{"name":"din_a_r[17]","orig_name":"din_a_r[17]"},
{"name":"din_a_r[16]","orig_name":"din_a_r[16]"},
{"name":"din_a_r[15]","orig_name":"din_a_r[15]"},
{"name":"din_a_r[14]","orig_name":"din_a_r[14]"},
{"name":"din_a_r[13]","orig_name":"din_a_r[13]"},
{"name":"din_a_r[12]","orig_name":"din_a_r[12]"},
{"name":"din_a_r[11]","orig_name":"din_a_r[11]"},
{"name":"din_a_r[10]","orig_name":"din_a_r[10]"},
{"name":"din_a_r[9]","orig_name":"din_a_r[9]"},
{"name":"din_a_r[8]","orig_name":"din_a_r[8]"},
{"name":"din_a_r[7]","orig_name":"din_a_r[7]"},
{"name":"din_a_r[6]","orig_name":"din_a_r[6]"},
{"name":"din_a_r[5]","orig_name":"din_a_r[5]"},
{"name":"din_a_r[4]","orig_name":"din_a_r[4]"},
{"name":"din_a_r[3]","orig_name":"din_a_r[3]"},
{"name":"din_a_r[2]","orig_name":"din_a_r[2]"},
{"name":"din_a_r[1]","orig_name":"din_a_r[1]"},
{"name":"din_a_r[0]","orig_name":"din_a_r[0]"},
{"name":"din_a_i[23]","orig_name":"din_a_i[23]"},
{"name":"din_a_i[22]","orig_name":"din_a_i[22]"},
{"name":"din_a_i[21]","orig_name":"din_a_i[21]"},
{"name":"din_a_i[20]","orig_name":"din_a_i[20]"},
{"name":"din_a_i[19]","orig_name":"din_a_i[19]"},
{"name":"din_a_i[18]","orig_name":"din_a_i[18]"},
{"name":"din_a_i[17]","orig_name":"din_a_i[17]"},
{"name":"din_a_i[16]","orig_name":"din_a_i[16]"},
{"name":"din_a_i[15]","orig_name":"din_a_i[15]"},
{"name":"din_a_i[14]","orig_name":"din_a_i[14]"},
{"name":"din_a_i[13]","orig_name":"din_a_i[13]"},
{"name":"din_a_i[12]","orig_name":"din_a_i[12]"},
{"name":"din_a_i[11]","orig_name":"din_a_i[11]"},
{"name":"din_a_i[10]","orig_name":"din_a_i[10]"},
{"name":"din_a_i[9]","orig_name":"din_a_i[9]"},
{"name":"din_a_i[8]","orig_name":"din_a_i[8]"},
{"name":"din_a_i[7]","orig_name":"din_a_i[7]"},
{"name":"din_a_i[6]","orig_name":"din_a_i[6]"},
{"name":"din_a_i[5]","orig_name":"din_a_i[5]"},
{"name":"din_a_i[4]","orig_name":"din_a_i[4]"},
{"name":"din_a_i[3]","orig_name":"din_a_i[3]"},
{"name":"din_a_i[2]","orig_name":"din_a_i[2]"},
{"name":"din_a_i[1]","orig_name":"din_a_i[1]"},
{"name":"din_a_i[0]","orig_name":"din_a_i[0]"},
{"name":"din_b_r[23]","orig_name":"din_b_r[23]"},
{"name":"din_b_r[22]","orig_name":"din_b_r[22]"},
{"name":"din_b_r[21]","orig_name":"din_b_r[21]"},
{"name":"din_b_r[20]","orig_name":"din_b_r[20]"},
{"name":"din_b_r[19]","orig_name":"din_b_r[19]"},
{"name":"din_b_r[18]","orig_name":"din_b_r[18]"},
{"name":"din_b_r[17]","orig_name":"din_b_r[17]"},
{"name":"din_b_r[16]","orig_name":"din_b_r[16]"},
{"name":"din_b_r[15]","orig_name":"din_b_r[15]"},
{"name":"din_b_r[14]","orig_name":"din_b_r[14]"},
{"name":"din_b_r[13]","orig_name":"din_b_r[13]"},
{"name":"din_b_r[12]","orig_name":"din_b_r[12]"},
{"name":"din_b_r[11]","orig_name":"din_b_r[11]"},
{"name":"din_b_r[10]","orig_name":"din_b_r[10]"},
{"name":"din_b_r[9]","orig_name":"din_b_r[9]"},
{"name":"din_b_r[8]","orig_name":"din_b_r[8]"},
{"name":"din_b_r[7]","orig_name":"din_b_r[7]"},
{"name":"din_b_r[6]","orig_name":"din_b_r[6]"},
{"name":"din_b_r[5]","orig_name":"din_b_r[5]"},
{"name":"din_b_r[4]","orig_name":"din_b_r[4]"},
{"name":"din_b_r[3]","orig_name":"din_b_r[3]"},
{"name":"din_b_r[2]","orig_name":"din_b_r[2]"},
{"name":"din_b_r[1]","orig_name":"din_b_r[1]"},
{"name":"din_b_r[0]","orig_name":"din_b_r[0]"},
{"name":"din_b_i[23]","orig_name":"din_b_i[23]"},
{"name":"din_b_i[22]","orig_name":"din_b_i[22]"},
{"name":"din_b_i[21]","orig_name":"din_b_i[21]"},
{"name":"din_b_i[20]","orig_name":"din_b_i[20]"},
{"name":"din_b_i[19]","orig_name":"din_b_i[19]"},
{"name":"din_b_i[18]","orig_name":"din_b_i[18]"},
{"name":"din_b_i[17]","orig_name":"din_b_i[17]"},
{"name":"din_b_i[16]","orig_name":"din_b_i[16]"},
{"name":"din_b_i[15]","orig_name":"din_b_i[15]"},
{"name":"din_b_i[14]","orig_name":"din_b_i[14]"},
{"name":"din_b_i[13]","orig_name":"din_b_i[13]"},
{"name":"din_b_i[12]","orig_name":"din_b_i[12]"},
{"name":"din_b_i[11]","orig_name":"din_b_i[11]"},
{"name":"din_b_i[10]","orig_name":"din_b_i[10]"},
{"name":"din_b_i[9]","orig_name":"din_b_i[9]"},
{"name":"din_b_i[8]","orig_name":"din_b_i[8]"},
{"name":"din_b_i[7]","orig_name":"din_b_i[7]"},
{"name":"din_b_i[6]","orig_name":"din_b_i[6]"},
{"name":"din_b_i[5]","orig_name":"din_b_i[5]"},
{"name":"din_b_i[4]","orig_name":"din_b_i[4]"},
{"name":"din_b_i[3]","orig_name":"din_b_i[3]"},
{"name":"din_b_i[2]","orig_name":"din_b_i[2]"},
{"name":"din_b_i[1]","orig_name":"din_b_i[1]"},
{"name":"din_b_i[0]","orig_name":"din_b_i[0]"},
{"name":"w_r[23]","orig_name":"w_r[23]"},
{"name":"w_r[22]","orig_name":"w_r[22]"},
{"name":"w_r[21]","orig_name":"w_r[21]"},
{"name":"w_r[20]","orig_name":"w_r[20]"},
{"name":"w_r[19]","orig_name":"w_r[19]"},
{"name":"w_r[18]","orig_name":"w_r[18]"},
{"name":"w_r[17]","orig_name":"w_r[17]"},
{"name":"w_r[16]","orig_name":"w_r[16]"},
{"name":"w_r[15]","orig_name":"w_r[15]"},
{"name":"w_r[14]","orig_name":"w_r[14]"},
{"name":"w_r[13]","orig_name":"w_r[13]"},
{"name":"w_r[12]","orig_name":"w_r[12]"},
{"name":"w_r[11]","orig_name":"w_r[11]"},
{"name":"w_r[10]","orig_name":"w_r[10]"},
{"name":"w_r[9]","orig_name":"w_r[9]"},
{"name":"w_r[8]","orig_name":"w_r[8]"},
{"name":"w_r[7]","orig_name":"w_r[7]"},
{"name":"w_r[6]","orig_name":"w_r[6]"},
{"name":"w_r[5]","orig_name":"w_r[5]"},
{"name":"w_r[4]","orig_name":"w_r[4]"},
{"name":"w_r[3]","orig_name":"w_r[3]"},
{"name":"w_r[2]","orig_name":"w_r[2]"},
{"name":"w_r[1]","orig_name":"w_r[1]"},
{"name":"w_r[0]","orig_name":"w_r[0]"},
{"name":"w_i[23]","orig_name":"w_i[23]"},
{"name":"w_i[22]","orig_name":"w_i[22]"},
{"name":"w_i[21]","orig_name":"w_i[21]"},
{"name":"w_i[20]","orig_name":"w_i[20]"},
{"name":"w_i[19]","orig_name":"w_i[19]"},
{"name":"w_i[18]","orig_name":"w_i[18]"},
{"name":"w_i[17]","orig_name":"w_i[17]"},
{"name":"w_i[16]","orig_name":"w_i[16]"},
{"name":"w_i[15]","orig_name":"w_i[15]"},
{"name":"w_i[14]","orig_name":"w_i[14]"},
{"name":"w_i[13]","orig_name":"w_i[13]"},
{"name":"w_i[12]","orig_name":"w_i[12]"},
{"name":"w_i[11]","orig_name":"w_i[11]"},
{"name":"w_i[10]","orig_name":"w_i[10]"},
{"name":"w_i[9]","orig_name":"w_i[9]"},
{"name":"w_i[8]","orig_name":"w_i[8]"},
{"name":"w_i[7]","orig_name":"w_i[7]"},
{"name":"w_i[6]","orig_name":"w_i[6]"},
{"name":"w_i[5]","orig_name":"w_i[5]"},
{"name":"w_i[4]","orig_name":"w_i[4]"},
{"name":"w_i[3]","orig_name":"w_i[3]"},
{"name":"w_i[2]","orig_name":"w_i[2]"},
{"name":"w_i[1]","orig_name":"w_i[1]"},
{"name":"w_i[0]","orig_name":"w_i[0]"},
{"name":"op_r[23]","orig_name":"op_r[23]"},
{"name":"op_r[22]","orig_name":"op_r[22]"},
{"name":"op_r[21]","orig_name":"op_r[21]"},
{"name":"op_r[20]","orig_name":"op_r[20]"},
{"name":"op_r[19]","orig_name":"op_r[19]"},
{"name":"op_r[18]","orig_name":"op_r[18]"},
{"name":"op_r[17]","orig_name":"op_r[17]"},
{"name":"op_r[16]","orig_name":"op_r[16]"},
{"name":"op_r[15]","orig_name":"op_r[15]"},
{"name":"op_r[14]","orig_name":"op_r[14]"},
{"name":"op_r[13]","orig_name":"op_r[13]"},
{"name":"op_r[12]","orig_name":"op_r[12]"},
{"name":"op_r[11]","orig_name":"op_r[11]"},
{"name":"op_r[10]","orig_name":"op_r[10]"},
{"name":"op_r[9]","orig_name":"op_r[9]"},
{"name":"op_r[8]","orig_name":"op_r[8]"},
{"name":"op_r[7]","orig_name":"op_r[7]"},
{"name":"op_r[6]","orig_name":"op_r[6]"},
{"name":"op_r[5]","orig_name":"op_r[5]"},
{"name":"op_r[4]","orig_name":"op_r[4]"},
{"name":"op_r[3]","orig_name":"op_r[3]"},
{"name":"op_r[2]","orig_name":"op_r[2]"},
{"name":"op_r[1]","orig_name":"op_r[1]"},
{"name":"op_r[0]","orig_name":"op_r[0]"},
{"name":"op_i[23]","orig_name":"op_i[23]"},
{"name":"op_i[22]","orig_name":"op_i[22]"},
{"name":"op_i[21]","orig_name":"op_i[21]"},
{"name":"op_i[20]","orig_name":"op_i[20]"},
{"name":"op_i[19]","orig_name":"op_i[19]"},
{"name":"op_i[18]","orig_name":"op_i[18]"},
{"name":"op_i[17]","orig_name":"op_i[17]"},
{"name":"op_i[16]","orig_name":"op_i[16]"},
{"name":"op_i[15]","orig_name":"op_i[15]"},
{"name":"op_i[14]","orig_name":"op_i[14]"},
{"name":"op_i[13]","orig_name":"op_i[13]"},
{"name":"op_i[12]","orig_name":"op_i[12]"},
{"name":"op_i[11]","orig_name":"op_i[11]"},
{"name":"op_i[10]","orig_name":"op_i[10]"},
{"name":"op_i[9]","orig_name":"op_i[9]"},
{"name":"op_i[8]","orig_name":"op_i[8]"},
{"name":"op_i[7]","orig_name":"op_i[7]"},
{"name":"op_i[6]","orig_name":"op_i[6]"},
{"name":"op_i[5]","orig_name":"op_i[5]"},
{"name":"op_i[4]","orig_name":"op_i[4]"},
{"name":"op_i[3]","orig_name":"op_i[3]"},
{"name":"op_i[2]","orig_name":"op_i[2]"},
{"name":"op_i[1]","orig_name":"op_i[1]"},
{"name":"op_i[0]","orig_name":"op_i[0]"},
{"name":"delay_r[23]","orig_name":"delay_r[23]"},
{"name":"delay_r[22]","orig_name":"delay_r[22]"},
{"name":"delay_r[21]","orig_name":"delay_r[21]"},
{"name":"delay_r[20]","orig_name":"delay_r[20]"},
{"name":"delay_r[19]","orig_name":"delay_r[19]"},
{"name":"delay_r[18]","orig_name":"delay_r[18]"},
{"name":"delay_r[17]","orig_name":"delay_r[17]"},
{"name":"delay_r[16]","orig_name":"delay_r[16]"},
{"name":"delay_r[15]","orig_name":"delay_r[15]"},
{"name":"delay_r[14]","orig_name":"delay_r[14]"},
{"name":"delay_r[13]","orig_name":"delay_r[13]"},
{"name":"delay_r[12]","orig_name":"delay_r[12]"},
{"name":"delay_r[11]","orig_name":"delay_r[11]"},
{"name":"delay_r[10]","orig_name":"delay_r[10]"},
{"name":"delay_r[9]","orig_name":"delay_r[9]"},
{"name":"delay_r[8]","orig_name":"delay_r[8]"},
{"name":"delay_r[7]","orig_name":"delay_r[7]"},
{"name":"delay_r[6]","orig_name":"delay_r[6]"},
{"name":"delay_r[5]","orig_name":"delay_r[5]"},
{"name":"delay_r[4]","orig_name":"delay_r[4]"},
{"name":"delay_r[3]","orig_name":"delay_r[3]"},
{"name":"delay_r[2]","orig_name":"delay_r[2]"},
{"name":"delay_r[1]","orig_name":"delay_r[1]"},
{"name":"delay_r[0]","orig_name":"delay_r[0]"},
{"name":"delay_i[23]","orig_name":"delay_i[23]"},
{"name":"delay_i[22]","orig_name":"delay_i[22]"},
{"name":"delay_i[21]","orig_name":"delay_i[21]"},
{"name":"delay_i[20]","orig_name":"delay_i[20]"},
{"name":"delay_i[19]","orig_name":"delay_i[19]"},
{"name":"delay_i[18]","orig_name":"delay_i[18]"},
{"name":"delay_i[17]","orig_name":"delay_i[17]"},
{"name":"delay_i[16]","orig_name":"delay_i[16]"},
{"name":"delay_i[15]","orig_name":"delay_i[15]"},
{"name":"delay_i[14]","orig_name":"delay_i[14]"},
{"name":"delay_i[13]","orig_name":"delay_i[13]"},
{"name":"delay_i[12]","orig_name":"delay_i[12]"},
{"name":"delay_i[11]","orig_name":"delay_i[11]"},
{"name":"delay_i[10]","orig_name":"delay_i[10]"},
{"name":"delay_i[9]","orig_name":"delay_i[9]"},
{"name":"delay_i[8]","orig_name":"delay_i[8]"},
{"name":"delay_i[7]","orig_name":"delay_i[7]"},
{"name":"delay_i[6]","orig_name":"delay_i[6]"},
{"name":"delay_i[5]","orig_name":"delay_i[5]"},
{"name":"delay_i[4]","orig_name":"delay_i[4]"},
{"name":"delay_i[3]","orig_name":"delay_i[3]"},
{"name":"delay_i[2]","orig_name":"delay_i[2]"},
{"name":"delay_i[1]","orig_name":"delay_i[1]"},
{"name":"delay_i[0]","orig_name":"delay_i[0]"},
{"name":"outvalid","orig_name":"outvalid"}
]
},
{
"object":"radix_no2",
"hdl_name":"radix_no2",
"ports":
[
{"name":"state[1]","orig_name":"state[1]"},
{"name":"state[0]","orig_name":"state[0]"},
{"name":"din_a_r[23]","orig_name":"din_a_r[23]"},
{"name":"din_a_r[22]","orig_name":"din_a_r[22]"},
{"name":"din_a_r[21]","orig_name":"din_a_r[21]"},
{"name":"din_a_r[20]","orig_name":"din_a_r[20]"},
{"name":"din_a_r[19]","orig_name":"din_a_r[19]"},
{"name":"din_a_r[18]","orig_name":"din_a_r[18]"},
{"name":"din_a_r[17]","orig_name":"din_a_r[17]"},
{"name":"din_a_r[16]","orig_name":"din_a_r[16]"},
{"name":"din_a_r[15]","orig_name":"din_a_r[15]"},
{"name":"din_a_r[14]","orig_name":"din_a_r[14]"},
{"name":"din_a_r[13]","orig_name":"din_a_r[13]"},
{"name":"din_a_r[12]","orig_name":"din_a_r[12]"},
{"name":"din_a_r[11]","orig_name":"din_a_r[11]"},
{"name":"din_a_r[10]","orig_name":"din_a_r[10]"},
{"name":"din_a_r[9]","orig_name":"din_a_r[9]"},
{"name":"din_a_r[8]","orig_name":"din_a_r[8]"},
{"name":"din_a_r[7]","orig_name":"din_a_r[7]"},
{"name":"din_a_r[6]","orig_name":"din_a_r[6]"},
{"name":"din_a_r[5]","orig_name":"din_a_r[5]"},
{"name":"din_a_r[4]","orig_name":"din_a_r[4]"},
{"name":"din_a_r[3]","orig_name":"din_a_r[3]"},
{"name":"din_a_r[2]","orig_name":"din_a_r[2]"},
{"name":"din_a_r[1]","orig_name":"din_a_r[1]"},
{"name":"din_a_r[0]","orig_name":"din_a_r[0]"},
{"name":"din_a_i[23]","orig_name":"din_a_i[23]"},
{"name":"din_a_i[22]","orig_name":"din_a_i[22]"},
{"name":"din_a_i[21]","orig_name":"din_a_i[21]"},
{"name":"din_a_i[20]","orig_name":"din_a_i[20]"},
{"name":"din_a_i[19]","orig_name":"din_a_i[19]"},
{"name":"din_a_i[18]","orig_name":"din_a_i[18]"},
{"name":"din_a_i[17]","orig_name":"din_a_i[17]"},
{"name":"din_a_i[16]","orig_name":"din_a_i[16]"},
{"name":"din_a_i[15]","orig_name":"din_a_i[15]"},
{"name":"din_a_i[14]","orig_name":"din_a_i[14]"},
{"name":"din_a_i[13]","orig_name":"din_a_i[13]"},
{"name":"din_a_i[12]","orig_name":"din_a_i[12]"},
{"name":"din_a_i[11]","orig_name":"din_a_i[11]"},
{"name":"din_a_i[10]","orig_name":"din_a_i[10]"},
{"name":"din_a_i[9]","orig_name":"din_a_i[9]"},
{"name":"din_a_i[8]","orig_name":"din_a_i[8]"},
{"name":"din_a_i[7]","orig_name":"din_a_i[7]"},
{"name":"din_a_i[6]","orig_name":"din_a_i[6]"},
{"name":"din_a_i[5]","orig_name":"din_a_i[5]"},
{"name":"din_a_i[4]","orig_name":"din_a_i[4]"},
{"name":"din_a_i[3]","orig_name":"din_a_i[3]"},
{"name":"din_a_i[2]","orig_name":"din_a_i[2]"},
{"name":"din_a_i[1]","orig_name":"din_a_i[1]"},
{"name":"din_a_i[0]","orig_name":"din_a_i[0]"},
{"name":"din_b_r[23]","orig_name":"din_b_r[23]"},
{"name":"din_b_r[22]","orig_name":"din_b_r[22]"},
{"name":"din_b_r[21]","orig_name":"din_b_r[21]"},
{"name":"din_b_r[20]","orig_name":"din_b_r[20]"},
{"name":"din_b_r[19]","orig_name":"din_b_r[19]"},
{"name":"din_b_r[18]","orig_name":"din_b_r[18]"},
{"name":"din_b_r[17]","orig_name":"din_b_r[17]"},
{"name":"din_b_r[16]","orig_name":"din_b_r[16]"},
{"name":"din_b_r[15]","orig_name":"din_b_r[15]"},
{"name":"din_b_r[14]","orig_name":"din_b_r[14]"},
{"name":"din_b_r[13]","orig_name":"din_b_r[13]"},
{"name":"din_b_r[12]","orig_name":"din_b_r[12]"},
{"name":"din_b_r[11]","orig_name":"din_b_r[11]"},
{"name":"din_b_r[10]","orig_name":"din_b_r[10]"},
{"name":"din_b_r[9]","orig_name":"din_b_r[9]"},
{"name":"din_b_r[8]","orig_name":"din_b_r[8]"},
{"name":"din_b_r[7]","orig_name":"din_b_r[7]"},
{"name":"din_b_r[6]","orig_name":"din_b_r[6]"},
{"name":"din_b_r[5]","orig_name":"din_b_r[5]"},
{"name":"din_b_r[4]","orig_name":"din_b_r[4]"},
{"name":"din_b_r[3]","orig_name":"din_b_r[3]"},
{"name":"din_b_r[2]","orig_name":"din_b_r[2]"},
{"name":"din_b_r[1]","orig_name":"din_b_r[1]"},
{"name":"din_b_r[0]","orig_name":"din_b_r[0]"},
{"name":"din_b_i[23]","orig_name":"din_b_i[23]"},
{"name":"din_b_i[22]","orig_name":"din_b_i[22]"},
{"name":"din_b_i[21]","orig_name":"din_b_i[21]"},
{"name":"din_b_i[20]","orig_name":"din_b_i[20]"},
{"name":"din_b_i[19]","orig_name":"din_b_i[19]"},
{"name":"din_b_i[18]","orig_name":"din_b_i[18]"},
{"name":"din_b_i[17]","orig_name":"din_b_i[17]"},
{"name":"din_b_i[16]","orig_name":"din_b_i[16]"},
{"name":"din_b_i[15]","orig_name":"din_b_i[15]"},
{"name":"din_b_i[14]","orig_name":"din_b_i[14]"},
{"name":"din_b_i[13]","orig_name":"din_b_i[13]"},
{"name":"din_b_i[12]","orig_name":"din_b_i[12]"},
{"name":"din_b_i[11]","orig_name":"din_b_i[11]"},
{"name":"din_b_i[10]","orig_name":"din_b_i[10]"},
{"name":"din_b_i[9]","orig_name":"din_b_i[9]"},
{"name":"din_b_i[8]","orig_name":"din_b_i[8]"},
{"name":"din_b_i[7]","orig_name":"din_b_i[7]"},
{"name":"din_b_i[6]","orig_name":"din_b_i[6]"},
{"name":"din_b_i[5]","orig_name":"din_b_i[5]"},
{"name":"din_b_i[4]","orig_name":"din_b_i[4]"},
{"name":"din_b_i[3]","orig_name":"din_b_i[3]"},
{"name":"din_b_i[2]","orig_name":"din_b_i[2]"},
{"name":"din_b_i[1]","orig_name":"din_b_i[1]"},
{"name":"din_b_i[0]","orig_name":"din_b_i[0]"},
{"name":"w_r[23]","orig_name":"w_r[23]"},
{"name":"w_r[22]","orig_name":"w_r[22]"},
{"name":"w_r[21]","orig_name":"w_r[21]"},
{"name":"w_r[20]","orig_name":"w_r[20]"},
{"name":"w_r[19]","orig_name":"w_r[19]"},
{"name":"w_r[18]","orig_name":"w_r[18]"},
{"name":"w_r[17]","orig_name":"w_r[17]"},
{"name":"w_r[16]","orig_name":"w_r[16]"},
{"name":"w_r[15]","orig_name":"w_r[15]"},
{"name":"w_r[14]","orig_name":"w_r[14]"},
{"name":"w_r[13]","orig_name":"w_r[13]"},
{"name":"w_r[12]","orig_name":"w_r[12]"},
{"name":"w_r[11]","orig_name":"w_r[11]"},
{"name":"w_r[10]","orig_name":"w_r[10]"},
{"name":"w_r[9]","orig_name":"w_r[9]"},
{"name":"w_r[8]","orig_name":"w_r[8]"},
{"name":"w_r[7]","orig_name":"w_r[7]"},
{"name":"w_r[6]","orig_name":"w_r[6]"},
{"name":"w_r[5]","orig_name":"w_r[5]"},
{"name":"w_r[4]","orig_name":"w_r[4]"},
{"name":"w_r[3]","orig_name":"w_r[3]"},
{"name":"w_r[2]","orig_name":"w_r[2]"},
{"name":"w_r[1]","orig_name":"w_r[1]"},
{"name":"w_r[0]","orig_name":"w_r[0]"},
{"name":"w_i[23]","orig_name":"w_i[23]"},
{"name":"w_i[22]","orig_name":"w_i[22]"},
{"name":"w_i[21]","orig_name":"w_i[21]"},
{"name":"w_i[20]","orig_name":"w_i[20]"},
{"name":"w_i[19]","orig_name":"w_i[19]"},
{"name":"w_i[18]","orig_name":"w_i[18]"},
{"name":"w_i[17]","orig_name":"w_i[17]"},
{"name":"w_i[16]","orig_name":"w_i[16]"},
{"name":"w_i[15]","orig_name":"w_i[15]"},
{"name":"w_i[14]","orig_name":"w_i[14]"},
{"name":"w_i[13]","orig_name":"w_i[13]"},
{"name":"w_i[12]","orig_name":"w_i[12]"},
{"name":"w_i[11]","orig_name":"w_i[11]"},
{"name":"w_i[10]","orig_name":"w_i[10]"},
{"name":"w_i[9]","orig_name":"w_i[9]"},
{"name":"w_i[8]","orig_name":"w_i[8]"},
{"name":"w_i[7]","orig_name":"w_i[7]"},
{"name":"w_i[6]","orig_name":"w_i[6]"},
{"name":"w_i[5]","orig_name":"w_i[5]"},
{"name":"w_i[4]","orig_name":"w_i[4]"},
{"name":"w_i[3]","orig_name":"w_i[3]"},
{"name":"w_i[2]","orig_name":"w_i[2]"},
{"name":"w_i[1]","orig_name":"w_i[1]"},
{"name":"w_i[0]","orig_name":"w_i[0]"},
{"name":"op_r[23]","orig_name":"op_r[23]"},
{"name":"op_r[22]","orig_name":"op_r[22]"},
{"name":"op_r[21]","orig_name":"op_r[21]"},
{"name":"op_r[20]","orig_name":"op_r[20]"},
{"name":"op_r[19]","orig_name":"op_r[19]"},
{"name":"op_r[18]","orig_name":"op_r[18]"},
{"name":"op_r[17]","orig_name":"op_r[17]"},
{"name":"op_r[16]","orig_name":"op_r[16]"},
{"name":"op_r[15]","orig_name":"op_r[15]"},
{"name":"op_r[14]","orig_name":"op_r[14]"},
{"name":"op_r[13]","orig_name":"op_r[13]"},
{"name":"op_r[12]","orig_name":"op_r[12]"},
{"name":"op_r[11]","orig_name":"op_r[11]"},
{"name":"op_r[10]","orig_name":"op_r[10]"},
{"name":"op_r[9]","orig_name":"op_r[9]"},
{"name":"op_r[8]","orig_name":"op_r[8]"},
{"name":"op_r[7]","orig_name":"op_r[7]"},
{"name":"op_r[6]","orig_name":"op_r[6]"},
{"name":"op_r[5]","orig_name":"op_r[5]"},
{"name":"op_r[4]","orig_name":"op_r[4]"},
{"name":"op_r[3]","orig_name":"op_r[3]"},
{"name":"op_r[2]","orig_name":"op_r[2]"},
{"name":"op_r[1]","orig_name":"op_r[1]"},
{"name":"op_r[0]","orig_name":"op_r[0]"},
{"name":"op_i[23]","orig_name":"op_i[23]"},
{"name":"op_i[22]","orig_name":"op_i[22]"},
{"name":"op_i[21]","orig_name":"op_i[21]"},
{"name":"op_i[20]","orig_name":"op_i[20]"},
{"name":"op_i[19]","orig_name":"op_i[19]"},
{"name":"op_i[18]","orig_name":"op_i[18]"},
{"name":"op_i[17]","orig_name":"op_i[17]"},
{"name":"op_i[16]","orig_name":"op_i[16]"},
{"name":"op_i[15]","orig_name":"op_i[15]"},
{"name":"op_i[14]","orig_name":"op_i[14]"},
{"name":"op_i[13]","orig_name":"op_i[13]"},
{"name":"op_i[12]","orig_name":"op_i[12]"},
{"name":"op_i[11]","orig_name":"op_i[11]"},
{"name":"op_i[10]","orig_name":"op_i[10]"},
{"name":"op_i[9]","orig_name":"op_i[9]"},
{"name":"op_i[8]","orig_name":"op_i[8]"},
{"name":"op_i[7]","orig_name":"op_i[7]"},
{"name":"op_i[6]","orig_name":"op_i[6]"},
{"name":"op_i[5]","orig_name":"op_i[5]"},
{"name":"op_i[4]","orig_name":"op_i[4]"},
{"name":"op_i[3]","orig_name":"op_i[3]"},
{"name":"op_i[2]","orig_name":"op_i[2]"},
{"name":"op_i[1]","orig_name":"op_i[1]"},
{"name":"op_i[0]","orig_name":"op_i[0]"},
{"name":"delay_r[23]","orig_name":"delay_r[23]"},
{"name":"delay_r[22]","orig_name":"delay_r[22]"},
{"name":"delay_r[21]","orig_name":"delay_r[21]"},
{"name":"delay_r[20]","orig_name":"delay_r[20]"},
{"name":"delay_r[19]","orig_name":"delay_r[19]"},
{"name":"delay_r[18]","orig_name":"delay_r[18]"},
{"name":"delay_r[17]","orig_name":"delay_r[17]"},
{"name":"delay_r[16]","orig_name":"delay_r[16]"},
{"name":"delay_r[15]","orig_name":"delay_r[15]"},
{"name":"delay_r[14]","orig_name":"delay_r[14]"},
{"name":"delay_r[13]","orig_name":"delay_r[13]"},
{"name":"delay_r[12]","orig_name":"delay_r[12]"},
{"name":"delay_r[11]","orig_name":"delay_r[11]"},
{"name":"delay_r[10]","orig_name":"delay_r[10]"},
{"name":"delay_r[9]","orig_name":"delay_r[9]"},
{"name":"delay_r[8]","orig_name":"delay_r[8]"},
{"name":"delay_r[7]","orig_name":"delay_r[7]"},
{"name":"delay_r[6]","orig_name":"delay_r[6]"},
{"name":"delay_r[5]","orig_name":"delay_r[5]"},
{"name":"delay_r[4]","orig_name":"delay_r[4]"},
{"name":"delay_r[3]","orig_name":"delay_r[3]"},
{"name":"delay_r[2]","orig_name":"delay_r[2]"},
{"name":"delay_r[1]","orig_name":"delay_r[1]"},
{"name":"delay_r[0]","orig_name":"delay_r[0]"},
{"name":"delay_i[23]","orig_name":"delay_i[23]"},
{"name":"delay_i[22]","orig_name":"delay_i[22]"},
{"name":"delay_i[21]","orig_name":"delay_i[21]"},
{"name":"delay_i[20]","orig_name":"delay_i[20]"},
{"name":"delay_i[19]","orig_name":"delay_i[19]"},
{"name":"delay_i[18]","orig_name":"delay_i[18]"},
{"name":"delay_i[17]","orig_name":"delay_i[17]"},
{"name":"delay_i[16]","orig_name":"delay_i[16]"},
{"name":"delay_i[15]","orig_name":"delay_i[15]"},
{"name":"delay_i[14]","orig_name":"delay_i[14]"},
{"name":"delay_i[13]","orig_name":"delay_i[13]"},
{"name":"delay_i[12]","orig_name":"delay_i[12]"},
{"name":"delay_i[11]","orig_name":"delay_i[11]"},
{"name":"delay_i[10]","orig_name":"delay_i[10]"},
{"name":"delay_i[9]","orig_name":"delay_i[9]"},
{"name":"delay_i[8]","orig_name":"delay_i[8]"},
{"name":"delay_i[7]","orig_name":"delay_i[7]"},
{"name":"delay_i[6]","orig_name":"delay_i[6]"},
{"name":"delay_i[5]","orig_name":"delay_i[5]"},
{"name":"delay_i[4]","orig_name":"delay_i[4]"},
{"name":"delay_i[3]","orig_name":"delay_i[3]"},
{"name":"delay_i[2]","orig_name":"delay_i[2]"},
{"name":"delay_i[1]","orig_name":"delay_i[1]"},
{"name":"delay_i[0]","orig_name":"delay_i[0]"},
{"name":"outvalid","orig_name":"outvalid"}
]
},
{
"object":"radix_no3",
"hdl_name":"radix_no3",
"ports":
[
{"name":"state[1]","orig_name":"state[1]"},
{"name":"state[0]","orig_name":"state[0]"},
{"name":"din_a_r[23]","orig_name":"din_a_r[23]"},
{"name":"din_a_r[22]","orig_name":"din_a_r[22]"},
{"name":"din_a_r[21]","orig_name":"din_a_r[21]"},
{"name":"din_a_r[20]","orig_name":"din_a_r[20]"},
{"name":"din_a_r[19]","orig_name":"din_a_r[19]"},
{"name":"din_a_r[18]","orig_name":"din_a_r[18]"},
{"name":"din_a_r[17]","orig_name":"din_a_r[17]"},
{"name":"din_a_r[16]","orig_name":"din_a_r[16]"},
{"name":"din_a_r[15]","orig_name":"din_a_r[15]"},
{"name":"din_a_r[14]","orig_name":"din_a_r[14]"},
{"name":"din_a_r[13]","orig_name":"din_a_r[13]"},
{"name":"din_a_r[12]","orig_name":"din_a_r[12]"},
{"name":"din_a_r[11]","orig_name":"din_a_r[11]"},
{"name":"din_a_r[10]","orig_name":"din_a_r[10]"},
{"name":"din_a_r[9]","orig_name":"din_a_r[9]"},
{"name":"din_a_r[8]","orig_name":"din_a_r[8]"},
{"name":"din_a_r[7]","orig_name":"din_a_r[7]"},
{"name":"din_a_r[6]","orig_name":"din_a_r[6]"},
{"name":"din_a_r[5]","orig_name":"din_a_r[5]"},
{"name":"din_a_r[4]","orig_name":"din_a_r[4]"},
{"name":"din_a_r[3]","orig_name":"din_a_r[3]"},
{"name":"din_a_r[2]","orig_name":"din_a_r[2]"},
{"name":"din_a_r[1]","orig_name":"din_a_r[1]"},
{"name":"din_a_r[0]","orig_name":"din_a_r[0]"},
{"name":"din_a_i[23]","orig_name":"din_a_i[23]"},
{"name":"din_a_i[22]","orig_name":"din_a_i[22]"},
{"name":"din_a_i[21]","orig_name":"din_a_i[21]"},
{"name":"din_a_i[20]","orig_name":"din_a_i[20]"},
{"name":"din_a_i[19]","orig_name":"din_a_i[19]"},
{"name":"din_a_i[18]","orig_name":"din_a_i[18]"},
{"name":"din_a_i[17]","orig_name":"din_a_i[17]"},
{"name":"din_a_i[16]","orig_name":"din_a_i[16]"},
{"name":"din_a_i[15]","orig_name":"din_a_i[15]"},
{"name":"din_a_i[14]","orig_name":"din_a_i[14]"},
{"name":"din_a_i[13]","orig_name":"din_a_i[13]"},
{"name":"din_a_i[12]","orig_name":"din_a_i[12]"},
{"name":"din_a_i[11]","orig_name":"din_a_i[11]"},
{"name":"din_a_i[10]","orig_name":"din_a_i[10]"},
{"name":"din_a_i[9]","orig_name":"din_a_i[9]"},
{"name":"din_a_i[8]","orig_name":"din_a_i[8]"},
{"name":"din_a_i[7]","orig_name":"din_a_i[7]"},
{"name":"din_a_i[6]","orig_name":"din_a_i[6]"},
{"name":"din_a_i[5]","orig_name":"din_a_i[5]"},
{"name":"din_a_i[4]","orig_name":"din_a_i[4]"},
{"name":"din_a_i[3]","orig_name":"din_a_i[3]"},
{"name":"din_a_i[2]","orig_name":"din_a_i[2]"},
{"name":"din_a_i[1]","orig_name":"din_a_i[1]"},
{"name":"din_a_i[0]","orig_name":"din_a_i[0]"},
{"name":"din_b_r[23]","orig_name":"din_b_r[23]"},
{"name":"din_b_r[22]","orig_name":"din_b_r[22]"},
{"name":"din_b_r[21]","orig_name":"din_b_r[21]"},
{"name":"din_b_r[20]","orig_name":"din_b_r[20]"},
{"name":"din_b_r[19]","orig_name":"din_b_r[19]"},
{"name":"din_b_r[18]","orig_name":"din_b_r[18]"},
{"name":"din_b_r[17]","orig_name":"din_b_r[17]"},
{"name":"din_b_r[16]","orig_name":"din_b_r[16]"},
{"name":"din_b_r[15]","orig_name":"din_b_r[15]"},
{"name":"din_b_r[14]","orig_name":"din_b_r[14]"},
{"name":"din_b_r[13]","orig_name":"din_b_r[13]"},
{"name":"din_b_r[12]","orig_name":"din_b_r[12]"},
{"name":"din_b_r[11]","orig_name":"din_b_r[11]"},
{"name":"din_b_r[10]","orig_name":"din_b_r[10]"},
{"name":"din_b_r[9]","orig_name":"din_b_r[9]"},
{"name":"din_b_r[8]","orig_name":"din_b_r[8]"},
{"name":"din_b_r[7]","orig_name":"din_b_r[7]"},
{"name":"din_b_r[6]","orig_name":"din_b_r[6]"},
{"name":"din_b_r[5]","orig_name":"din_b_r[5]"},
{"name":"din_b_r[4]","orig_name":"din_b_r[4]"},
{"name":"din_b_r[3]","orig_name":"din_b_r[3]"},
{"name":"din_b_r[2]","orig_name":"din_b_r[2]"},
{"name":"din_b_r[1]","orig_name":"din_b_r[1]"},
{"name":"din_b_r[0]","orig_name":"din_b_r[0]"},
{"name":"din_b_i[23]","orig_name":"din_b_i[23]"},
{"name":"din_b_i[22]","orig_name":"din_b_i[22]"},
{"name":"din_b_i[21]","orig_name":"din_b_i[21]"},
{"name":"din_b_i[20]","orig_name":"din_b_i[20]"},
{"name":"din_b_i[19]","orig_name":"din_b_i[19]"},
{"name":"din_b_i[18]","orig_name":"din_b_i[18]"},
{"name":"din_b_i[17]","orig_name":"din_b_i[17]"},
{"name":"din_b_i[16]","orig_name":"din_b_i[16]"},
{"name":"din_b_i[15]","orig_name":"din_b_i[15]"},
{"name":"din_b_i[14]","orig_name":"din_b_i[14]"},
{"name":"din_b_i[13]","orig_name":"din_b_i[13]"},
{"name":"din_b_i[12]","orig_name":"din_b_i[12]"},
{"name":"din_b_i[11]","orig_name":"din_b_i[11]"},
{"name":"din_b_i[10]","orig_name":"din_b_i[10]"},
{"name":"din_b_i[9]","orig_name":"din_b_i[9]"},
{"name":"din_b_i[8]","orig_name":"din_b_i[8]"},
{"name":"din_b_i[7]","orig_name":"din_b_i[7]"},
{"name":"din_b_i[6]","orig_name":"din_b_i[6]"},
{"name":"din_b_i[5]","orig_name":"din_b_i[5]"},
{"name":"din_b_i[4]","orig_name":"din_b_i[4]"},
{"name":"din_b_i[3]","orig_name":"din_b_i[3]"},
{"name":"din_b_i[2]","orig_name":"din_b_i[2]"},
{"name":"din_b_i[1]","orig_name":"din_b_i[1]"},
{"name":"din_b_i[0]","orig_name":"din_b_i[0]"},
{"name":"w_r[23]","orig_name":"w_r[23]"},
{"name":"w_r[22]","orig_name":"w_r[22]"},
{"name":"w_r[21]","orig_name":"w_r[21]"},
{"name":"w_r[20]","orig_name":"w_r[20]"},
{"name":"w_r[19]","orig_name":"w_r[19]"},
{"name":"w_r[18]","orig_name":"w_r[18]"},
{"name":"w_r[17]","orig_name":"w_r[17]"},
{"name":"w_r[16]","orig_name":"w_r[16]"},
{"name":"w_r[15]","orig_name":"w_r[15]"},
{"name":"w_r[14]","orig_name":"w_r[14]"},
{"name":"w_r[13]","orig_name":"w_r[13]"},
{"name":"w_r[12]","orig_name":"w_r[12]"},
{"name":"w_r[11]","orig_name":"w_r[11]"},
{"name":"w_r[10]","orig_name":"w_r[10]"},
{"name":"w_r[9]","orig_name":"w_r[9]"},
{"name":"w_r[8]","orig_name":"w_r[8]"},
{"name":"w_r[7]","orig_name":"w_r[7]"},
{"name":"w_r[6]","orig_name":"w_r[6]"},
{"name":"w_r[5]","orig_name":"w_r[5]"},
{"name":"w_r[4]","orig_name":"w_r[4]"},
{"name":"w_r[3]","orig_name":"w_r[3]"},
{"name":"w_r[2]","orig_name":"w_r[2]"},
{"name":"w_r[1]","orig_name":"w_r[1]"},
{"name":"w_r[0]","orig_name":"w_r[0]"},
{"name":"w_i[23]","orig_name":"w_i[23]"},
{"name":"w_i[22]","orig_name":"w_i[22]"},
{"name":"w_i[21]","orig_name":"w_i[21]"},
{"name":"w_i[20]","orig_name":"w_i[20]"},
{"name":"w_i[19]","orig_name":"w_i[19]"},
{"name":"w_i[18]","orig_name":"w_i[18]"},
{"name":"w_i[17]","orig_name":"w_i[17]"},
{"name":"w_i[16]","orig_name":"w_i[16]"},
{"name":"w_i[15]","orig_name":"w_i[15]"},
{"name":"w_i[14]","orig_name":"w_i[14]"},
{"name":"w_i[13]","orig_name":"w_i[13]"},
{"name":"w_i[12]","orig_name":"w_i[12]"},
{"name":"w_i[11]","orig_name":"w_i[11]"},
{"name":"w_i[10]","orig_name":"w_i[10]"},
{"name":"w_i[9]","orig_name":"w_i[9]"},
{"name":"w_i[8]","orig_name":"w_i[8]"},
{"name":"w_i[7]","orig_name":"w_i[7]"},
{"name":"w_i[6]","orig_name":"w_i[6]"},
{"name":"w_i[5]","orig_name":"w_i[5]"},
{"name":"w_i[4]","orig_name":"w_i[4]"},
{"name":"w_i[3]","orig_name":"w_i[3]"},
{"name":"w_i[2]","orig_name":"w_i[2]"},
{"name":"w_i[1]","orig_name":"w_i[1]"},
{"name":"w_i[0]","orig_name":"w_i[0]"},
{"name":"op_r[23]","orig_name":"op_r[23]"},
{"name":"op_r[22]","orig_name":"op_r[22]"},
{"name":"op_r[21]","orig_name":"op_r[21]"},
{"name":"op_r[20]","orig_name":"op_r[20]"},
{"name":"op_r[19]","orig_name":"op_r[19]"},
{"name":"op_r[18]","orig_name":"op_r[18]"},
{"name":"op_r[17]","orig_name":"op_r[17]"},
{"name":"op_r[16]","orig_name":"op_r[16]"},
{"name":"op_r[15]","orig_name":"op_r[15]"},
{"name":"op_r[14]","orig_name":"op_r[14]"},
{"name":"op_r[13]","orig_name":"op_r[13]"},
{"name":"op_r[12]","orig_name":"op_r[12]"},
{"name":"op_r[11]","orig_name":"op_r[11]"},
{"name":"op_r[10]","orig_name":"op_r[10]"},
{"name":"op_r[9]","orig_name":"op_r[9]"},
{"name":"op_r[8]","orig_name":"op_r[8]"},
{"name":"op_r[7]","orig_name":"op_r[7]"},
{"name":"op_r[6]","orig_name":"op_r[6]"},
{"name":"op_r[5]","orig_name":"op_r[5]"},
{"name":"op_r[4]","orig_name":"op_r[4]"},
{"name":"op_r[3]","orig_name":"op_r[3]"},
{"name":"op_r[2]","orig_name":"op_r[2]"},
{"name":"op_r[1]","orig_name":"op_r[1]"},
{"name":"op_r[0]","orig_name":"op_r[0]"},
{"name":"op_i[23]","orig_name":"op_i[23]"},
{"name":"op_i[22]","orig_name":"op_i[22]"},
{"name":"op_i[21]","orig_name":"op_i[21]"},
{"name":"op_i[20]","orig_name":"op_i[20]"},
{"name":"op_i[19]","orig_name":"op_i[19]"},
{"name":"op_i[18]","orig_name":"op_i[18]"},
{"name":"op_i[17]","orig_name":"op_i[17]"},
{"name":"op_i[16]","orig_name":"op_i[16]"},
{"name":"op_i[15]","orig_name":"op_i[15]"},
{"name":"op_i[14]","orig_name":"op_i[14]"},
{"name":"op_i[13]","orig_name":"op_i[13]"},
{"name":"op_i[12]","orig_name":"op_i[12]"},
{"name":"op_i[11]","orig_name":"op_i[11]"},
{"name":"op_i[10]","orig_name":"op_i[10]"},
{"name":"op_i[9]","orig_name":"op_i[9]"},
{"name":"op_i[8]","orig_name":"op_i[8]"},
{"name":"op_i[7]","orig_name":"op_i[7]"},
{"name":"op_i[6]","orig_name":"op_i[6]"},
{"name":"op_i[5]","orig_name":"op_i[5]"},
{"name":"op_i[4]","orig_name":"op_i[4]"},
{"name":"op_i[3]","orig_name":"op_i[3]"},
{"name":"op_i[2]","orig_name":"op_i[2]"},
{"name":"op_i[1]","orig_name":"op_i[1]"},
{"name":"op_i[0]","orig_name":"op_i[0]"},
{"name":"delay_r[23]","orig_name":"delay_r[23]"},
{"name":"delay_r[22]","orig_name":"delay_r[22]"},
{"name":"delay_r[21]","orig_name":"delay_r[21]"},
{"name":"delay_r[20]","orig_name":"delay_r[20]"},
{"name":"delay_r[19]","orig_name":"delay_r[19]"},
{"name":"delay_r[18]","orig_name":"delay_r[18]"},
{"name":"delay_r[17]","orig_name":"delay_r[17]"},
{"name":"delay_r[16]","orig_name":"delay_r[16]"},
{"name":"delay_r[15]","orig_name":"delay_r[15]"},
{"name":"delay_r[14]","orig_name":"delay_r[14]"},
{"name":"delay_r[13]","orig_name":"delay_r[13]"},
{"name":"delay_r[12]","orig_name":"delay_r[12]"},
{"name":"delay_r[11]","orig_name":"delay_r[11]"},
{"name":"delay_r[10]","orig_name":"delay_r[10]"},
{"name":"delay_r[9]","orig_name":"delay_r[9]"},
{"name":"delay_r[8]","orig_name":"delay_r[8]"},
{"name":"delay_r[7]","orig_name":"delay_r[7]"},
{"name":"delay_r[6]","orig_name":"delay_r[6]"},
{"name":"delay_r[5]","orig_name":"delay_r[5]"},
{"name":"delay_r[4]","orig_name":"delay_r[4]"},
{"name":"delay_r[3]","orig_name":"delay_r[3]"},
{"name":"delay_r[2]","orig_name":"delay_r[2]"},
{"name":"delay_r[1]","orig_name":"delay_r[1]"},
{"name":"delay_r[0]","orig_name":"delay_r[0]"},
{"name":"delay_i[23]","orig_name":"delay_i[23]"},
{"name":"delay_i[22]","orig_name":"delay_i[22]"},
{"name":"delay_i[21]","orig_name":"delay_i[21]"},
{"name":"delay_i[20]","orig_name":"delay_i[20]"},
{"name":"delay_i[19]","orig_name":"delay_i[19]"},
{"name":"delay_i[18]","orig_name":"delay_i[18]"},
{"name":"delay_i[17]","orig_name":"delay_i[17]"},
{"name":"delay_i[16]","orig_name":"delay_i[16]"},
{"name":"delay_i[15]","orig_name":"delay_i[15]"},
{"name":"delay_i[14]","orig_name":"delay_i[14]"},
{"name":"delay_i[13]","orig_name":"delay_i[13]"},
{"name":"delay_i[12]","orig_name":"delay_i[12]"},
{"name":"delay_i[11]","orig_name":"delay_i[11]"},
{"name":"delay_i[10]","orig_name":"delay_i[10]"},
{"name":"delay_i[9]","orig_name":"delay_i[9]"},
{"name":"delay_i[8]","orig_name":"delay_i[8]"},
{"name":"delay_i[7]","orig_name":"delay_i[7]"},
{"name":"delay_i[6]","orig_name":"delay_i[6]"},
{"name":"delay_i[5]","orig_name":"delay_i[5]"},
{"name":"delay_i[4]","orig_name":"delay_i[4]"},
{"name":"delay_i[3]","orig_name":"delay_i[3]"},
{"name":"delay_i[2]","orig_name":"delay_i[2]"},
{"name":"delay_i[1]","orig_name":"delay_i[1]"},
{"name":"delay_i[0]","orig_name":"delay_i[0]"},
{"name":"outvalid","orig_name":"outvalid"}
]
},
{
"object":"radix_no4",
"hdl_name":"radix_no4",
"ports":
[
{"name":"state[1]","orig_name":"state[1]"},
{"name":"state[0]","orig_name":"state[0]"},
{"name":"din_a_r[23]","orig_name":"din_a_r[23]"},
{"name":"din_a_r[22]","orig_name":"din_a_r[22]"},
{"name":"din_a_r[21]","orig_name":"din_a_r[21]"},
{"name":"din_a_r[20]","orig_name":"din_a_r[20]"},
{"name":"din_a_r[19]","orig_name":"din_a_r[19]"},
{"name":"din_a_r[18]","orig_name":"din_a_r[18]"},
{"name":"din_a_r[17]","orig_name":"din_a_r[17]"},
{"name":"din_a_r[16]","orig_name":"din_a_r[16]"},
{"name":"din_a_r[15]","orig_name":"din_a_r[15]"},
{"name":"din_a_r[14]","orig_name":"din_a_r[14]"},
{"name":"din_a_r[13]","orig_name":"din_a_r[13]"},
{"name":"din_a_r[12]","orig_name":"din_a_r[12]"},
{"name":"din_a_r[11]","orig_name":"din_a_r[11]"},
{"name":"din_a_r[10]","orig_name":"din_a_r[10]"},
{"name":"din_a_r[9]","orig_name":"din_a_r[9]"},
{"name":"din_a_r[8]","orig_name":"din_a_r[8]"},
{"name":"din_a_r[7]","orig_name":"din_a_r[7]"},
{"name":"din_a_r[6]","orig_name":"din_a_r[6]"},
{"name":"din_a_r[5]","orig_name":"din_a_r[5]"},
{"name":"din_a_r[4]","orig_name":"din_a_r[4]"},
{"name":"din_a_r[3]","orig_name":"din_a_r[3]"},
{"name":"din_a_r[2]","orig_name":"din_a_r[2]"},
{"name":"din_a_r[1]","orig_name":"din_a_r[1]"},
{"name":"din_a_r[0]","orig_name":"din_a_r[0]"},
{"name":"din_a_i[23]","orig_name":"din_a_i[23]"},
{"name":"din_a_i[22]","orig_name":"din_a_i[22]"},
{"name":"din_a_i[21]","orig_name":"din_a_i[21]"},
{"name":"din_a_i[20]","orig_name":"din_a_i[20]"},
{"name":"din_a_i[19]","orig_name":"din_a_i[19]"},
{"name":"din_a_i[18]","orig_name":"din_a_i[18]"},
{"name":"din_a_i[17]","orig_name":"din_a_i[17]"},
{"name":"din_a_i[16]","orig_name":"din_a_i[16]"},
{"name":"din_a_i[15]","orig_name":"din_a_i[15]"},
{"name":"din_a_i[14]","orig_name":"din_a_i[14]"},
{"name":"din_a_i[13]","orig_name":"din_a_i[13]"},
{"name":"din_a_i[12]","orig_name":"din_a_i[12]"},
{"name":"din_a_i[11]","orig_name":"din_a_i[11]"},
{"name":"din_a_i[10]","orig_name":"din_a_i[10]"},
{"name":"din_a_i[9]","orig_name":"din_a_i[9]"},
{"name":"din_a_i[8]","orig_name":"din_a_i[8]"},
{"name":"din_a_i[7]","orig_name":"din_a_i[7]"},
{"name":"din_a_i[6]","orig_name":"din_a_i[6]"},
{"name":"din_a_i[5]","orig_name":"din_a_i[5]"},
{"name":"din_a_i[4]","orig_name":"din_a_i[4]"},
{"name":"din_a_i[3]","orig_name":"din_a_i[3]"},
{"name":"din_a_i[2]","orig_name":"din_a_i[2]"},
{"name":"din_a_i[1]","orig_name":"din_a_i[1]"},
{"name":"din_a_i[0]","orig_name":"din_a_i[0]"},
{"name":"din_b_r[23]","orig_name":"din_b_r[23]"},
{"name":"din_b_r[22]","orig_name":"din_b_r[22]"},
{"name":"din_b_r[21]","orig_name":"din_b_r[21]"},
{"name":"din_b_r[20]","orig_name":"din_b_r[20]"},
{"name":"din_b_r[19]","orig_name":"din_b_r[19]"},
{"name":"din_b_r[18]","orig_name":"din_b_r[18]"},
{"name":"din_b_r[17]","orig_name":"din_b_r[17]"},
{"name":"din_b_r[16]","orig_name":"din_b_r[16]"},
{"name":"din_b_r[15]","orig_name":"din_b_r[15]"},
{"name":"din_b_r[14]","orig_name":"din_b_r[14]"},
{"name":"din_b_r[13]","orig_name":"din_b_r[13]"},
{"name":"din_b_r[12]","orig_name":"din_b_r[12]"},
{"name":"din_b_r[11]","orig_name":"din_b_r[11]"},
{"name":"din_b_r[10]","orig_name":"din_b_r[10]"},
{"name":"din_b_r[9]","orig_name":"din_b_r[9]"},
{"name":"din_b_r[8]","orig_name":"din_b_r[8]"},
{"name":"din_b_r[7]","orig_name":"din_b_r[7]"},
{"name":"din_b_r[6]","orig_name":"din_b_r[6]"},
{"name":"din_b_r[5]","orig_name":"din_b_r[5]"},
{"name":"din_b_r[4]","orig_name":"din_b_r[4]"},
{"name":"din_b_r[3]","orig_name":"din_b_r[3]"},
{"name":"din_b_r[2]","orig_name":"din_b_r[2]"},
{"name":"din_b_r[1]","orig_name":"din_b_r[1]"},
{"name":"din_b_r[0]","orig_name":"din_b_r[0]"},
{"name":"din_b_i[23]","orig_name":"din_b_i[23]"},
{"name":"din_b_i[22]","orig_name":"din_b_i[22]"},
{"name":"din_b_i[21]","orig_name":"din_b_i[21]"},
{"name":"din_b_i[20]","orig_name":"din_b_i[20]"},
{"name":"din_b_i[19]","orig_name":"din_b_i[19]"},
{"name":"din_b_i[18]","orig_name":"din_b_i[18]"},
{"name":"din_b_i[17]","orig_name":"din_b_i[17]"},
{"name":"din_b_i[16]","orig_name":"din_b_i[16]"},
{"name":"din_b_i[15]","orig_name":"din_b_i[15]"},
{"name":"din_b_i[14]","orig_name":"din_b_i[14]"},
{"name":"din_b_i[13]","orig_name":"din_b_i[13]"},
{"name":"din_b_i[12]","orig_name":"din_b_i[12]"},
{"name":"din_b_i[11]","orig_name":"din_b_i[11]"},
{"name":"din_b_i[10]","orig_name":"din_b_i[10]"},
{"name":"din_b_i[9]","orig_name":"din_b_i[9]"},
{"name":"din_b_i[8]","orig_name":"din_b_i[8]"},
{"name":"din_b_i[7]","orig_name":"din_b_i[7]"},
{"name":"din_b_i[6]","orig_name":"din_b_i[6]"},
{"name":"din_b_i[5]","orig_name":"din_b_i[5]"},
{"name":"din_b_i[4]","orig_name":"din_b_i[4]"},
{"name":"din_b_i[3]","orig_name":"din_b_i[3]"},
{"name":"din_b_i[2]","orig_name":"din_b_i[2]"},
{"name":"din_b_i[1]","orig_name":"din_b_i[1]"},
{"name":"din_b_i[0]","orig_name":"din_b_i[0]"},
{"name":"w_r[23]","orig_name":"w_r[23]"},
{"name":"w_r[22]","orig_name":"w_r[22]"},
{"name":"w_r[21]","orig_name":"w_r[21]"},
{"name":"w_r[20]","orig_name":"w_r[20]"},
{"name":"w_r[19]","orig_name":"w_r[19]"},
{"name":"w_r[18]","orig_name":"w_r[18]"},
{"name":"w_r[17]","orig_name":"w_r[17]"},
{"name":"w_r[16]","orig_name":"w_r[16]"},
{"name":"w_r[15]","orig_name":"w_r[15]"},
{"name":"w_r[14]","orig_name":"w_r[14]"},
{"name":"w_r[13]","orig_name":"w_r[13]"},
{"name":"w_r[12]","orig_name":"w_r[12]"},
{"name":"w_r[11]","orig_name":"w_r[11]"},
{"name":"w_r[10]","orig_name":"w_r[10]"},
{"name":"w_r[9]","orig_name":"w_r[9]"},
{"name":"w_r[8]","orig_name":"w_r[8]"},
{"name":"w_r[7]","orig_name":"w_r[7]"},
{"name":"w_r[6]","orig_name":"w_r[6]"},
{"name":"w_r[5]","orig_name":"w_r[5]"},
{"name":"w_r[4]","orig_name":"w_r[4]"},
{"name":"w_r[3]","orig_name":"w_r[3]"},
{"name":"w_r[2]","orig_name":"w_r[2]"},
{"name":"w_r[1]","orig_name":"w_r[1]"},
{"name":"w_r[0]","orig_name":"w_r[0]"},
{"name":"w_i[23]","orig_name":"w_i[23]"},
{"name":"w_i[22]","orig_name":"w_i[22]"},
{"name":"w_i[21]","orig_name":"w_i[21]"},
{"name":"w_i[20]","orig_name":"w_i[20]"},
{"name":"w_i[19]","orig_name":"w_i[19]"},
{"name":"w_i[18]","orig_name":"w_i[18]"},
{"name":"w_i[17]","orig_name":"w_i[17]"},
{"name":"w_i[16]","orig_name":"w_i[16]"},
{"name":"w_i[15]","orig_name":"w_i[15]"},
{"name":"w_i[14]","orig_name":"w_i[14]"},
{"name":"w_i[13]","orig_name":"w_i[13]"},
{"name":"w_i[12]","orig_name":"w_i[12]"},
{"name":"w_i[11]","orig_name":"w_i[11]"},
{"name":"w_i[10]","orig_name":"w_i[10]"},
{"name":"w_i[9]","orig_name":"w_i[9]"},
{"name":"w_i[8]","orig_name":"w_i[8]"},
{"name":"w_i[7]","orig_name":"w_i[7]"},
{"name":"w_i[6]","orig_name":"w_i[6]"},
{"name":"w_i[5]","orig_name":"w_i[5]"},
{"name":"w_i[4]","orig_name":"w_i[4]"},
{"name":"w_i[3]","orig_name":"w_i[3]"},
{"name":"w_i[2]","orig_name":"w_i[2]"},
{"name":"w_i[1]","orig_name":"w_i[1]"},
{"name":"w_i[0]","orig_name":"w_i[0]"},
{"name":"op_r[23]","orig_name":"op_r[23]"},
{"name":"op_r[22]","orig_name":"op_r[22]"},
{"name":"op_r[21]","orig_name":"op_r[21]"},
{"name":"op_r[20]","orig_name":"op_r[20]"},
{"name":"op_r[19]","orig_name":"op_r[19]"},
{"name":"op_r[18]","orig_name":"op_r[18]"},
{"name":"op_r[17]","orig_name":"op_r[17]"},
{"name":"op_r[16]","orig_name":"op_r[16]"},
{"name":"op_r[15]","orig_name":"op_r[15]"},
{"name":"op_r[14]","orig_name":"op_r[14]"},
{"name":"op_r[13]","orig_name":"op_r[13]"},
{"name":"op_r[12]","orig_name":"op_r[12]"},
{"name":"op_r[11]","orig_name":"op_r[11]"},
{"name":"op_r[10]","orig_name":"op_r[10]"},
{"name":"op_r[9]","orig_name":"op_r[9]"},
{"name":"op_r[8]","orig_name":"op_r[8]"},
{"name":"op_r[7]","orig_name":"op_r[7]"},
{"name":"op_r[6]","orig_name":"op_r[6]"},
{"name":"op_r[5]","orig_name":"op_r[5]"},
{"name":"op_r[4]","orig_name":"op_r[4]"},
{"name":"op_r[3]","orig_name":"op_r[3]"},
{"name":"op_r[2]","orig_name":"op_r[2]"},
{"name":"op_r[1]","orig_name":"op_r[1]"},
{"name":"op_r[0]","orig_name":"op_r[0]"},
{"name":"op_i[23]","orig_name":"op_i[23]"},
{"name":"op_i[22]","orig_name":"op_i[22]"},
{"name":"op_i[21]","orig_name":"op_i[21]"},
{"name":"op_i[20]","orig_name":"op_i[20]"},
{"name":"op_i[19]","orig_name":"op_i[19]"},
{"name":"op_i[18]","orig_name":"op_i[18]"},
{"name":"op_i[17]","orig_name":"op_i[17]"},
{"name":"op_i[16]","orig_name":"op_i[16]"},
{"name":"op_i[15]","orig_name":"op_i[15]"},
{"name":"op_i[14]","orig_name":"op_i[14]"},
{"name":"op_i[13]","orig_name":"op_i[13]"},
{"name":"op_i[12]","orig_name":"op_i[12]"},
{"name":"op_i[11]","orig_name":"op_i[11]"},
{"name":"op_i[10]","orig_name":"op_i[10]"},
{"name":"op_i[9]","orig_name":"op_i[9]"},
{"name":"op_i[8]","orig_name":"op_i[8]"},
{"name":"op_i[7]","orig_name":"op_i[7]"},
{"name":"op_i[6]","orig_name":"op_i[6]"},
{"name":"op_i[5]","orig_name":"op_i[5]"},
{"name":"op_i[4]","orig_name":"op_i[4]"},
{"name":"op_i[3]","orig_name":"op_i[3]"},
{"name":"op_i[2]","orig_name":"op_i[2]"},
{"name":"op_i[1]","orig_name":"op_i[1]"},
{"name":"op_i[0]","orig_name":"op_i[0]"},
{"name":"delay_r[23]","orig_name":"delay_r[23]"},
{"name":"delay_r[22]","orig_name":"delay_r[22]"},
{"name":"delay_r[21]","orig_name":"delay_r[21]"},
{"name":"delay_r[20]","orig_name":"delay_r[20]"},
{"name":"delay_r[19]","orig_name":"delay_r[19]"},
{"name":"delay_r[18]","orig_name":"delay_r[18]"},
{"name":"delay_r[17]","orig_name":"delay_r[17]"},
{"name":"delay_r[16]","orig_name":"delay_r[16]"},
{"name":"delay_r[15]","orig_name":"delay_r[15]"},
{"name":"delay_r[14]","orig_name":"delay_r[14]"},
{"name":"delay_r[13]","orig_name":"delay_r[13]"},
{"name":"delay_r[12]","orig_name":"delay_r[12]"},
{"name":"delay_r[11]","orig_name":"delay_r[11]"},
{"name":"delay_r[10]","orig_name":"delay_r[10]"},
{"name":"delay_r[9]","orig_name":"delay_r[9]"},
{"name":"delay_r[8]","orig_name":"delay_r[8]"},
{"name":"delay_r[7]","orig_name":"delay_r[7]"},
{"name":"delay_r[6]","orig_name":"delay_r[6]"},
{"name":"delay_r[5]","orig_name":"delay_r[5]"},
{"name":"delay_r[4]","orig_name":"delay_r[4]"},
{"name":"delay_r[3]","orig_name":"delay_r[3]"},
{"name":"delay_r[2]","orig_name":"delay_r[2]"},
{"name":"delay_r[1]","orig_name":"delay_r[1]"},
{"name":"delay_r[0]","orig_name":"delay_r[0]"},
{"name":"delay_i[23]","orig_name":"delay_i[23]"},
{"name":"delay_i[22]","orig_name":"delay_i[22]"},
{"name":"delay_i[21]","orig_name":"delay_i[21]"},
{"name":"delay_i[20]","orig_name":"delay_i[20]"},
{"name":"delay_i[19]","orig_name":"delay_i[19]"},
{"name":"delay_i[18]","orig_name":"delay_i[18]"},
{"name":"delay_i[17]","orig_name":"delay_i[17]"},
{"name":"delay_i[16]","orig_name":"delay_i[16]"},
{"name":"delay_i[15]","orig_name":"delay_i[15]"},
{"name":"delay_i[14]","orig_name":"delay_i[14]"},
{"name":"delay_i[13]","orig_name":"delay_i[13]"},
{"name":"delay_i[12]","orig_name":"delay_i[12]"},
{"name":"delay_i[11]","orig_name":"delay_i[11]"},
{"name":"delay_i[10]","orig_name":"delay_i[10]"},
{"name":"delay_i[9]","orig_name":"delay_i[9]"},
{"name":"delay_i[8]","orig_name":"delay_i[8]"},
{"name":"delay_i[7]","orig_name":"delay_i[7]"},
{"name":"delay_i[6]","orig_name":"delay_i[6]"},
{"name":"delay_i[5]","orig_name":"delay_i[5]"},
{"name":"delay_i[4]","orig_name":"delay_i[4]"},
{"name":"delay_i[3]","orig_name":"delay_i[3]"},
{"name":"delay_i[2]","orig_name":"delay_i[2]"},
{"name":"delay_i[1]","orig_name":"delay_i[1]"},
{"name":"delay_i[0]","orig_name":"delay_i[0]"},
{"name":"outvalid","orig_name":"outvalid"}
]
},
{
"object":"radix_no5",
"hdl_name":"radix_no5",
"ports":
[
{"name":"state[1]","orig_name":"state[1]"},
{"name":"state[0]","orig_name":"state[0]"},
{"name":"din_a_r[23]","orig_name":"din_a_r[23]"},
{"name":"din_a_r[22]","orig_name":"din_a_r[22]"},
{"name":"din_a_r[21]","orig_name":"din_a_r[21]"},
{"name":"din_a_r[20]","orig_name":"din_a_r[20]"},
{"name":"din_a_r[19]","orig_name":"din_a_r[19]"},
{"name":"din_a_r[18]","orig_name":"din_a_r[18]"},
{"name":"din_a_r[17]","orig_name":"din_a_r[17]"},
{"name":"din_a_r[16]","orig_name":"din_a_r[16]"},
{"name":"din_a_r[15]","orig_name":"din_a_r[15]"},
{"name":"din_a_r[14]","orig_name":"din_a_r[14]"},
{"name":"din_a_r[13]","orig_name":"din_a_r[13]"},
{"name":"din_a_r[12]","orig_name":"din_a_r[12]"},
{"name":"din_a_r[11]","orig_name":"din_a_r[11]"},
{"name":"din_a_r[10]","orig_name":"din_a_r[10]"},
{"name":"din_a_r[9]","orig_name":"din_a_r[9]"},
{"name":"din_a_r[8]","orig_name":"din_a_r[8]"},
{"name":"din_a_r[7]","orig_name":"din_a_r[7]"},
{"name":"din_a_r[6]","orig_name":"din_a_r[6]"},
{"name":"din_a_r[5]","orig_name":"din_a_r[5]"},
{"name":"din_a_r[4]","orig_name":"din_a_r[4]"},
{"name":"din_a_r[3]","orig_name":"din_a_r[3]"},
{"name":"din_a_r[2]","orig_name":"din_a_r[2]"},
{"name":"din_a_r[1]","orig_name":"din_a_r[1]"},
{"name":"din_a_r[0]","orig_name":"din_a_r[0]"},
{"name":"din_a_i[23]","orig_name":"din_a_i[23]"},
{"name":"din_a_i[22]","orig_name":"din_a_i[22]"},
{"name":"din_a_i[21]","orig_name":"din_a_i[21]"},
{"name":"din_a_i[20]","orig_name":"din_a_i[20]"},
{"name":"din_a_i[19]","orig_name":"din_a_i[19]"},
{"name":"din_a_i[18]","orig_name":"din_a_i[18]"},
{"name":"din_a_i[17]","orig_name":"din_a_i[17]"},
{"name":"din_a_i[16]","orig_name":"din_a_i[16]"},
{"name":"din_a_i[15]","orig_name":"din_a_i[15]"},
{"name":"din_a_i[14]","orig_name":"din_a_i[14]"},
{"name":"din_a_i[13]","orig_name":"din_a_i[13]"},
{"name":"din_a_i[12]","orig_name":"din_a_i[12]"},
{"name":"din_a_i[11]","orig_name":"din_a_i[11]"},
{"name":"din_a_i[10]","orig_name":"din_a_i[10]"},
{"name":"din_a_i[9]","orig_name":"din_a_i[9]"},
{"name":"din_a_i[8]","orig_name":"din_a_i[8]"},
{"name":"din_a_i[7]","orig_name":"din_a_i[7]"},
{"name":"din_a_i[6]","orig_name":"din_a_i[6]"},
{"name":"din_a_i[5]","orig_name":"din_a_i[5]"},
{"name":"din_a_i[4]","orig_name":"din_a_i[4]"},
{"name":"din_a_i[3]","orig_name":"din_a_i[3]"},
{"name":"din_a_i[2]","orig_name":"din_a_i[2]"},
{"name":"din_a_i[1]","orig_name":"din_a_i[1]"},
{"name":"din_a_i[0]","orig_name":"din_a_i[0]"},
{"name":"din_b_r[23]","orig_name":"din_b_r[23]"},
{"name":"din_b_r[22]","orig_name":"din_b_r[22]"},
{"name":"din_b_r[21]","orig_name":"din_b_r[21]"},
{"name":"din_b_r[20]","orig_name":"din_b_r[20]"},
{"name":"din_b_r[19]","orig_name":"din_b_r[19]"},
{"name":"din_b_r[18]","orig_name":"din_b_r[18]"},
{"name":"din_b_r[17]","orig_name":"din_b_r[17]"},
{"name":"din_b_r[16]","orig_name":"din_b_r[16]"},
{"name":"din_b_r[15]","orig_name":"din_b_r[15]"},
{"name":"din_b_r[14]","orig_name":"din_b_r[14]"},
{"name":"din_b_r[13]","orig_name":"din_b_r[13]"},
{"name":"din_b_r[12]","orig_name":"din_b_r[12]"},
{"name":"din_b_r[11]","orig_name":"din_b_r[11]"},
{"name":"din_b_r[10]","orig_name":"din_b_r[10]"},
{"name":"din_b_r[9]","orig_name":"din_b_r[9]"},
{"name":"din_b_r[8]","orig_name":"din_b_r[8]"},
{"name":"din_b_r[7]","orig_name":"din_b_r[7]"},
{"name":"din_b_r[6]","orig_name":"din_b_r[6]"},
{"name":"din_b_r[5]","orig_name":"din_b_r[5]"},
{"name":"din_b_r[4]","orig_name":"din_b_r[4]"},
{"name":"din_b_r[3]","orig_name":"din_b_r[3]"},
{"name":"din_b_r[2]","orig_name":"din_b_r[2]"},
{"name":"din_b_r[1]","orig_name":"din_b_r[1]"},
{"name":"din_b_r[0]","orig_name":"din_b_r[0]"},
{"name":"din_b_i[23]","orig_name":"din_b_i[23]"},
{"name":"din_b_i[22]","orig_name":"din_b_i[22]"},
{"name":"din_b_i[21]","orig_name":"din_b_i[21]"},
{"name":"din_b_i[20]","orig_name":"din_b_i[20]"},
{"name":"din_b_i[19]","orig_name":"din_b_i[19]"},
{"name":"din_b_i[18]","orig_name":"din_b_i[18]"},
{"name":"din_b_i[17]","orig_name":"din_b_i[17]"},
{"name":"din_b_i[16]","orig_name":"din_b_i[16]"},
{"name":"din_b_i[15]","orig_name":"din_b_i[15]"},
{"name":"din_b_i[14]","orig_name":"din_b_i[14]"},
{"name":"din_b_i[13]","orig_name":"din_b_i[13]"},
{"name":"din_b_i[12]","orig_name":"din_b_i[12]"},
{"name":"din_b_i[11]","orig_name":"din_b_i[11]"},
{"name":"din_b_i[10]","orig_name":"din_b_i[10]"},
{"name":"din_b_i[9]","orig_name":"din_b_i[9]"},
{"name":"din_b_i[8]","orig_name":"din_b_i[8]"},
{"name":"din_b_i[7]","orig_name":"din_b_i[7]"},
{"name":"din_b_i[6]","orig_name":"din_b_i[6]"},
{"name":"din_b_i[5]","orig_name":"din_b_i[5]"},
{"name":"din_b_i[4]","orig_name":"din_b_i[4]"},
{"name":"din_b_i[3]","orig_name":"din_b_i[3]"},
{"name":"din_b_i[2]","orig_name":"din_b_i[2]"},
{"name":"din_b_i[1]","orig_name":"din_b_i[1]"},
{"name":"din_b_i[0]","orig_name":"din_b_i[0]"},
{"name":"w_r[23]","orig_name":"w_r[23]"},
{"name":"w_r[22]","orig_name":"w_r[22]"},
{"name":"w_r[21]","orig_name":"w_r[21]"},
{"name":"w_r[20]","orig_name":"w_r[20]"},
{"name":"w_r[19]","orig_name":"w_r[19]"},
{"name":"w_r[18]","orig_name":"w_r[18]"},
{"name":"w_r[17]","orig_name":"w_r[17]"},
{"name":"w_r[16]","orig_name":"w_r[16]"},
{"name":"w_r[15]","orig_name":"w_r[15]"},
{"name":"w_r[14]","orig_name":"w_r[14]"},
{"name":"w_r[13]","orig_name":"w_r[13]"},
{"name":"w_r[12]","orig_name":"w_r[12]"},
{"name":"w_r[11]","orig_name":"w_r[11]"},
{"name":"w_r[10]","orig_name":"w_r[10]"},
{"name":"w_r[9]","orig_name":"w_r[9]"},
{"name":"w_r[8]","orig_name":"w_r[8]"},
{"name":"w_r[7]","orig_name":"w_r[7]"},
{"name":"w_r[6]","orig_name":"w_r[6]"},
{"name":"w_r[5]","orig_name":"w_r[5]"},
{"name":"w_r[4]","orig_name":"w_r[4]"},
{"name":"w_r[3]","orig_name":"w_r[3]"},
{"name":"w_r[2]","orig_name":"w_r[2]"},
{"name":"w_r[1]","orig_name":"w_r[1]"},
{"name":"w_r[0]","orig_name":"w_r[0]"},
{"name":"w_i[23]","orig_name":"w_i[23]"},
{"name":"w_i[22]","orig_name":"w_i[22]"},
{"name":"w_i[21]","orig_name":"w_i[21]"},
{"name":"w_i[20]","orig_name":"w_i[20]"},
{"name":"w_i[19]","orig_name":"w_i[19]"},
{"name":"w_i[18]","orig_name":"w_i[18]"},
{"name":"w_i[17]","orig_name":"w_i[17]"},
{"name":"w_i[16]","orig_name":"w_i[16]"},
{"name":"w_i[15]","orig_name":"w_i[15]"},
{"name":"w_i[14]","orig_name":"w_i[14]"},
{"name":"w_i[13]","orig_name":"w_i[13]"},
{"name":"w_i[12]","orig_name":"w_i[12]"},
{"name":"w_i[11]","orig_name":"w_i[11]"},
{"name":"w_i[10]","orig_name":"w_i[10]"},
{"name":"w_i[9]","orig_name":"w_i[9]"},
{"name":"w_i[8]","orig_name":"w_i[8]"},
{"name":"w_i[7]","orig_name":"w_i[7]"},
{"name":"w_i[6]","orig_name":"w_i[6]"},
{"name":"w_i[5]","orig_name":"w_i[5]"},
{"name":"w_i[4]","orig_name":"w_i[4]"},
{"name":"w_i[3]","orig_name":"w_i[3]"},
{"name":"w_i[2]","orig_name":"w_i[2]"},
{"name":"w_i[1]","orig_name":"w_i[1]"},
{"name":"w_i[0]","orig_name":"w_i[0]"},
{"name":"op_r[23]","orig_name":"op_r[23]"},
{"name":"op_r[22]","orig_name":"op_r[22]"},
{"name":"op_r[21]","orig_name":"op_r[21]"},
{"name":"op_r[20]","orig_name":"op_r[20]"},
{"name":"op_r[19]","orig_name":"op_r[19]"},
{"name":"op_r[18]","orig_name":"op_r[18]"},
{"name":"op_r[17]","orig_name":"op_r[17]"},
{"name":"op_r[16]","orig_name":"op_r[16]"},
{"name":"op_r[15]","orig_name":"op_r[15]"},
{"name":"op_r[14]","orig_name":"op_r[14]"},
{"name":"op_r[13]","orig_name":"op_r[13]"},
{"name":"op_r[12]","orig_name":"op_r[12]"},
{"name":"op_r[11]","orig_name":"op_r[11]"},
{"name":"op_r[10]","orig_name":"op_r[10]"},
{"name":"op_r[9]","orig_name":"op_r[9]"},
{"name":"op_r[8]","orig_name":"op_r[8]"},
{"name":"op_r[7]","orig_name":"op_r[7]"},
{"name":"op_r[6]","orig_name":"op_r[6]"},
{"name":"op_r[5]","orig_name":"op_r[5]"},
{"name":"op_r[4]","orig_name":"op_r[4]"},
{"name":"op_r[3]","orig_name":"op_r[3]"},
{"name":"op_r[2]","orig_name":"op_r[2]"},
{"name":"op_r[1]","orig_name":"op_r[1]"},
{"name":"op_r[0]","orig_name":"op_r[0]"},
{"name":"op_i[23]","orig_name":"op_i[23]"},
{"name":"op_i[22]","orig_name":"op_i[22]"},
{"name":"op_i[21]","orig_name":"op_i[21]"},
{"name":"op_i[20]","orig_name":"op_i[20]"},
{"name":"op_i[19]","orig_name":"op_i[19]"},
{"name":"op_i[18]","orig_name":"op_i[18]"},
{"name":"op_i[17]","orig_name":"op_i[17]"},
{"name":"op_i[16]","orig_name":"op_i[16]"},
{"name":"op_i[15]","orig_name":"op_i[15]"},
{"name":"op_i[14]","orig_name":"op_i[14]"},
{"name":"op_i[13]","orig_name":"op_i[13]"},
{"name":"op_i[12]","orig_name":"op_i[12]"},
{"name":"op_i[11]","orig_name":"op_i[11]"},
{"name":"op_i[10]","orig_name":"op_i[10]"},
{"name":"op_i[9]","orig_name":"op_i[9]"},
{"name":"op_i[8]","orig_name":"op_i[8]"},
{"name":"op_i[7]","orig_name":"op_i[7]"},
{"name":"op_i[6]","orig_name":"op_i[6]"},
{"name":"op_i[5]","orig_name":"op_i[5]"},
{"name":"op_i[4]","orig_name":"op_i[4]"},
{"name":"op_i[3]","orig_name":"op_i[3]"},
{"name":"op_i[2]","orig_name":"op_i[2]"},
{"name":"op_i[1]","orig_name":"op_i[1]"},
{"name":"op_i[0]","orig_name":"op_i[0]"},
{"name":"delay_r[23]","orig_name":"delay_r[23]"},
{"name":"delay_r[22]","orig_name":"delay_r[22]"},
{"name":"delay_r[21]","orig_name":"delay_r[21]"},
{"name":"delay_r[20]","orig_name":"delay_r[20]"},
{"name":"delay_r[19]","orig_name":"delay_r[19]"},
{"name":"delay_r[18]","orig_name":"delay_r[18]"},
{"name":"delay_r[17]","orig_name":"delay_r[17]"},
{"name":"delay_r[16]","orig_name":"delay_r[16]"},
{"name":"delay_r[15]","orig_name":"delay_r[15]"},
{"name":"delay_r[14]","orig_name":"delay_r[14]"},
{"name":"delay_r[13]","orig_name":"delay_r[13]"},
{"name":"delay_r[12]","orig_name":"delay_r[12]"},
{"name":"delay_r[11]","orig_name":"delay_r[11]"},
{"name":"delay_r[10]","orig_name":"delay_r[10]"},
{"name":"delay_r[9]","orig_name":"delay_r[9]"},
{"name":"delay_r[8]","orig_name":"delay_r[8]"},
{"name":"delay_r[7]","orig_name":"delay_r[7]"},
{"name":"delay_r[6]","orig_name":"delay_r[6]"},
{"name":"delay_r[5]","orig_name":"delay_r[5]"},
{"name":"delay_r[4]","orig_name":"delay_r[4]"},
{"name":"delay_r[3]","orig_name":"delay_r[3]"},
{"name":"delay_r[2]","orig_name":"delay_r[2]"},
{"name":"delay_r[1]","orig_name":"delay_r[1]"},
{"name":"delay_r[0]","orig_name":"delay_r[0]"},
{"name":"delay_i[23]","orig_name":"delay_i[23]"},
{"name":"delay_i[22]","orig_name":"delay_i[22]"},
{"name":"delay_i[21]","orig_name":"delay_i[21]"},
{"name":"delay_i[20]","orig_name":"delay_i[20]"},
{"name":"delay_i[19]","orig_name":"delay_i[19]"},
{"name":"delay_i[18]","orig_name":"delay_i[18]"},
{"name":"delay_i[17]","orig_name":"delay_i[17]"},
{"name":"delay_i[16]","orig_name":"delay_i[16]"},
{"name":"delay_i[15]","orig_name":"delay_i[15]"},
{"name":"delay_i[14]","orig_name":"delay_i[14]"},
{"name":"delay_i[13]","orig_name":"delay_i[13]"},
{"name":"delay_i[12]","orig_name":"delay_i[12]"},
{"name":"delay_i[11]","orig_name":"delay_i[11]"},
{"name":"delay_i[10]","orig_name":"delay_i[10]"},
{"name":"delay_i[9]","orig_name":"delay_i[9]"},
{"name":"delay_i[8]","orig_name":"delay_i[8]"},
{"name":"delay_i[7]","orig_name":"delay_i[7]"},
{"name":"delay_i[6]","orig_name":"delay_i[6]"},
{"name":"delay_i[5]","orig_name":"delay_i[5]"},
{"name":"delay_i[4]","orig_name":"delay_i[4]"},
{"name":"delay_i[3]","orig_name":"delay_i[3]"},
{"name":"delay_i[2]","orig_name":"delay_i[2]"},
{"name":"delay_i[1]","orig_name":"delay_i[1]"},
{"name":"delay_i[0]","orig_name":"delay_i[0]"},
{"name":"outvalid","orig_name":"outvalid"}
]
},
{
"object":"rom2",
"hdl_name":"rom2",
"ports":
[
{"name":"clk","orig_name":"clk"},
{"name":"in_valid","orig_name":"in_valid"},
{"name":"rst_n","orig_name":"rst_n"},
{"name":"w_r[23]","orig_name":"w_r[23]"},
{"name":"w_r[22]","orig_name":"w_r[22]"},
{"name":"w_r[21]","orig_name":"w_r[21]"},
{"name":"w_r[20]","orig_name":"w_r[20]"},
{"name":"w_r[19]","orig_name":"w_r[19]"},
{"name":"w_r[18]","orig_name":"w_r[18]"},
{"name":"w_r[17]","orig_name":"w_r[17]"},
{"name":"w_r[16]","orig_name":"w_r[16]"},
{"name":"w_r[15]","orig_name":"w_r[15]"},
{"name":"w_r[14]","orig_name":"w_r[14]"},
{"name":"w_r[13]","orig_name":"w_r[13]"},
{"name":"w_r[12]","orig_name":"w_r[12]"},
{"name":"w_r[11]","orig_name":"w_r[11]"},
{"name":"w_r[10]","orig_name":"w_r[10]"},
{"name":"w_r[9]","orig_name":"w_r[9]"},
{"name":"w_r[8]","orig_name":"w_r[8]"},
{"name":"w_r[7]","orig_name":"w_r[7]"},
{"name":"w_r[6]","orig_name":"w_r[6]"},
{"name":"w_r[5]","orig_name":"w_r[5]"},
{"name":"w_r[4]","orig_name":"w_r[4]"},
{"name":"w_r[3]","orig_name":"w_r[3]"},
{"name":"w_r[2]","orig_name":"w_r[2]"},
{"name":"w_r[1]","orig_name":"w_r[1]"},
{"name":"w_r[0]","orig_name":"w_r[0]"},
{"name":"w_i[23]","orig_name":"w_i[23]"},
{"name":"w_i[22]","orig_name":"w_i[22]"},
{"name":"w_i[21]","orig_name":"w_i[21]"},
{"name":"w_i[20]","orig_name":"w_i[20]"},
{"name":"w_i[19]","orig_name":"w_i[19]"},
{"name":"w_i[18]","orig_name":"w_i[18]"},
{"name":"w_i[17]","orig_name":"w_i[17]"},
{"name":"w_i[16]","orig_name":"w_i[16]"},
{"name":"w_i[15]","orig_name":"w_i[15]"},
{"name":"w_i[14]","orig_name":"w_i[14]"},
{"name":"w_i[13]","orig_name":"w_i[13]"},
{"name":"w_i[12]","orig_name":"w_i[12]"},
{"name":"w_i[11]","orig_name":"w_i[11]"},
{"name":"w_i[10]","orig_name":"w_i[10]"},
{"name":"w_i[9]","orig_name":"w_i[9]"},
{"name":"w_i[8]","orig_name":"w_i[8]"},
{"name":"w_i[7]","orig_name":"w_i[7]"},
{"name":"w_i[6]","orig_name":"w_i[6]"},
{"name":"w_i[5]","orig_name":"w_i[5]"},
{"name":"w_i[4]","orig_name":"w_i[4]"},
{"name":"w_i[3]","orig_name":"w_i[3]"},
{"name":"w_i[2]","orig_name":"w_i[2]"},
{"name":"w_i[1]","orig_name":"w_i[1]"},
{"name":"w_i[0]","orig_name":"w_i[0]"},
{"name":"state[1]","orig_name":"state[1]"},
{"name":"state[0]","orig_name":"state[0]"}
]
},
{
"object":"rom4",
"hdl_name":"rom4",
"ports":
[
{"name":"clk","orig_name":"clk"},
{"name":"in_valid","orig_name":"in_valid"},
{"name":"rst_n","orig_name":"rst_n"},
{"name":"w_r[23]","orig_name":"w_r[23]"},
{"name":"w_r[22]","orig_name":"w_r[22]"},
{"name":"w_r[21]","orig_name":"w_r[21]"},
{"name":"w_r[20]","orig_name":"w_r[20]"},
{"name":"w_r[19]","orig_name":"w_r[19]"},
{"name":"w_r[18]","orig_name":"w_r[18]"},
{"name":"w_r[17]","orig_name":"w_r[17]"},
{"name":"w_r[16]","orig_name":"w_r[16]"},
{"name":"w_r[15]","orig_name":"w_r[15]"},
{"name":"w_r[14]","orig_name":"w_r[14]"},
{"name":"w_r[13]","orig_name":"w_r[13]"},
{"name":"w_r[12]","orig_name":"w_r[12]"},
{"name":"w_r[11]","orig_name":"w_r[11]"},
{"name":"w_r[10]","orig_name":"w_r[10]"},
{"name":"w_r[9]","orig_name":"w_r[9]"},
{"name":"w_r[8]","orig_name":"w_r[8]"},
{"name":"w_r[7]","orig_name":"w_r[7]"},
{"name":"w_r[6]","orig_name":"w_r[6]"},
{"name":"w_r[5]","orig_name":"w_r[5]"},
{"name":"w_r[4]","orig_name":"w_r[4]"},
{"name":"w_r[3]","orig_name":"w_r[3]"},
{"name":"w_r[2]","orig_name":"w_r[2]"},
{"name":"w_r[1]","orig_name":"w_r[1]"},
{"name":"w_r[0]","orig_name":"w_r[0]"},
{"name":"w_i[23]","orig_name":"w_i[23]"},
{"name":"w_i[22]","orig_name":"w_i[22]"},
{"name":"w_i[21]","orig_name":"w_i[21]"},
{"name":"w_i[20]","orig_name":"w_i[20]"},
{"name":"w_i[19]","orig_name":"w_i[19]"},
{"name":"w_i[18]","orig_name":"w_i[18]"},
{"name":"w_i[17]","orig_name":"w_i[17]"},
{"name":"w_i[16]","orig_name":"w_i[16]"},
{"name":"w_i[15]","orig_name":"w_i[15]"},
{"name":"w_i[14]","orig_name":"w_i[14]"},
{"name":"w_i[13]","orig_name":"w_i[13]"},
{"name":"w_i[12]","orig_name":"w_i[12]"},
{"name":"w_i[11]","orig_name":"w_i[11]"},
{"name":"w_i[10]","orig_name":"w_i[10]"},
{"name":"w_i[9]","orig_name":"w_i[9]"},
{"name":"w_i[8]","orig_name":"w_i[8]"},
{"name":"w_i[7]","orig_name":"w_i[7]"},
{"name":"w_i[6]","orig_name":"w_i[6]"},
{"name":"w_i[5]","orig_name":"w_i[5]"},
{"name":"w_i[4]","orig_name":"w_i[4]"},
{"name":"w_i[3]","orig_name":"w_i[3]"},
{"name":"w_i[2]","orig_name":"w_i[2]"},
{"name":"w_i[1]","orig_name":"w_i[1]"},
{"name":"w_i[0]","orig_name":"w_i[0]"},
{"name":"state[1]","orig_name":"state[1]"},
{"name":"state[0]","orig_name":"state[0]"}
]
},
{
"object":"rom8",
"hdl_name":"rom8",
"ports":
[
{"name":"clk","orig_name":"clk"},
{"name":"in_valid","orig_name":"in_valid"},
{"name":"rst_n","orig_name":"rst_n"},
{"name":"w_r[23]","orig_name":"w_r[23]"},
{"name":"w_r[22]","orig_name":"w_r[22]"},
{"name":"w_r[21]","orig_name":"w_r[21]"},
{"name":"w_r[20]","orig_name":"w_r[20]"},
{"name":"w_r[19]","orig_name":"w_r[19]"},
{"name":"w_r[18]","orig_name":"w_r[18]"},
{"name":"w_r[17]","orig_name":"w_r[17]"},
{"name":"w_r[16]","orig_name":"w_r[16]"},
{"name":"w_r[15]","orig_name":"w_r[15]"},
{"name":"w_r[14]","orig_name":"w_r[14]"},
{"name":"w_r[13]","orig_name":"w_r[13]"},
{"name":"w_r[12]","orig_name":"w_r[12]"},
{"name":"w_r[11]","orig_name":"w_r[11]"},
{"name":"w_r[10]","orig_name":"w_r[10]"},
{"name":"w_r[9]","orig_name":"w_r[9]"},
{"name":"w_r[8]","orig_name":"w_r[8]"},
{"name":"w_r[7]","orig_name":"w_r[7]"},
{"name":"w_r[6]","orig_name":"w_r[6]"},
{"name":"w_r[5]","orig_name":"w_r[5]"},
{"name":"w_r[4]","orig_name":"w_r[4]"},
{"name":"w_r[3]","orig_name":"w_r[3]"},
{"name":"w_r[2]","orig_name":"w_r[2]"},
{"name":"w_r[1]","orig_name":"w_r[1]"},
{"name":"w_r[0]","orig_name":"w_r[0]"},
{"name":"w_i[23]","orig_name":"w_i[23]"},
{"name":"w_i[22]","orig_name":"w_i[22]"},
{"name":"w_i[21]","orig_name":"w_i[21]"},
{"name":"w_i[20]","orig_name":"w_i[20]"},
{"name":"w_i[19]","orig_name":"w_i[19]"},
{"name":"w_i[18]","orig_name":"w_i[18]"},
{"name":"w_i[17]","orig_name":"w_i[17]"},
{"name":"w_i[16]","orig_name":"w_i[16]"},
{"name":"w_i[15]","orig_name":"w_i[15]"},
{"name":"w_i[14]","orig_name":"w_i[14]"},
{"name":"w_i[13]","orig_name":"w_i[13]"},
{"name":"w_i[12]","orig_name":"w_i[12]"},
{"name":"w_i[11]","orig_name":"w_i[11]"},
{"name":"w_i[10]","orig_name":"w_i[10]"},
{"name":"w_i[9]","orig_name":"w_i[9]"},
{"name":"w_i[8]","orig_name":"w_i[8]"},
{"name":"w_i[7]","orig_name":"w_i[7]"},
{"name":"w_i[6]","orig_name":"w_i[6]"},
{"name":"w_i[5]","orig_name":"w_i[5]"},
{"name":"w_i[4]","orig_name":"w_i[4]"},
{"name":"w_i[3]","orig_name":"w_i[3]"},
{"name":"w_i[2]","orig_name":"w_i[2]"},
{"name":"w_i[1]","orig_name":"w_i[1]"},
{"name":"w_i[0]","orig_name":"w_i[0]"},
{"name":"state[1]","orig_name":"state[1]"},
{"name":"state[0]","orig_name":"state[0]"}
]
},
{
"object":"rom16",
"hdl_name":"rom16",
"ports":
[
{"name":"clk","orig_name":"clk"},
{"name":"in_valid","orig_name":"in_valid"},
{"name":"rst_n","orig_name":"rst_n"},
{"name":"w_r[23]","orig_name":"w_r[23]"},
{"name":"w_r[22]","orig_name":"w_r[22]"},
{"name":"w_r[21]","orig_name":"w_r[21]"},
{"name":"w_r[20]","orig_name":"w_r[20]"},
{"name":"w_r[19]","orig_name":"w_r[19]"},
{"name":"w_r[18]","orig_name":"w_r[18]"},
{"name":"w_r[17]","orig_name":"w_r[17]"},
{"name":"w_r[16]","orig_name":"w_r[16]"},
{"name":"w_r[15]","orig_name":"w_r[15]"},
{"name":"w_r[14]","orig_name":"w_r[14]"},
{"name":"w_r[13]","orig_name":"w_r[13]"},
{"name":"w_r[12]","orig_name":"w_r[12]"},
{"name":"w_r[11]","orig_name":"w_r[11]"},
{"name":"w_r[10]","orig_name":"w_r[10]"},
{"name":"w_r[9]","orig_name":"w_r[9]"},
{"name":"w_r[8]","orig_name":"w_r[8]"},
{"name":"w_r[7]","orig_name":"w_r[7]"},
{"name":"w_r[6]","orig_name":"w_r[6]"},
{"name":"w_r[5]","orig_name":"w_r[5]"},
{"name":"w_r[4]","orig_name":"w_r[4]"},
{"name":"w_r[3]","orig_name":"w_r[3]"},
{"name":"w_r[2]","orig_name":"w_r[2]"},
{"name":"w_r[1]","orig_name":"w_r[1]"},
{"name":"w_r[0]","orig_name":"w_r[0]"},
{"name":"w_i[23]","orig_name":"w_i[23]"},
{"name":"w_i[22]","orig_name":"w_i[22]"},
{"name":"w_i[21]","orig_name":"w_i[21]"},
{"name":"w_i[20]","orig_name":"w_i[20]"},
{"name":"w_i[19]","orig_name":"w_i[19]"},
{"name":"w_i[18]","orig_name":"w_i[18]"},
{"name":"w_i[17]","orig_name":"w_i[17]"},
{"name":"w_i[16]","orig_name":"w_i[16]"},
{"name":"w_i[15]","orig_name":"w_i[15]"},
{"name":"w_i[14]","orig_name":"w_i[14]"},
{"name":"w_i[13]","orig_name":"w_i[13]"},
{"name":"w_i[12]","orig_name":"w_i[12]"},
{"name":"w_i[11]","orig_name":"w_i[11]"},
{"name":"w_i[10]","orig_name":"w_i[10]"},
{"name":"w_i[9]","orig_name":"w_i[9]"},
{"name":"w_i[8]","orig_name":"w_i[8]"},
{"name":"w_i[7]","orig_name":"w_i[7]"},
{"name":"w_i[6]","orig_name":"w_i[6]"},
{"name":"w_i[5]","orig_name":"w_i[5]"},
{"name":"w_i[4]","orig_name":"w_i[4]"},
{"name":"w_i[3]","orig_name":"w_i[3]"},
{"name":"w_i[2]","orig_name":"w_i[2]"},
{"name":"w_i[1]","orig_name":"w_i[1]"},
{"name":"w_i[0]","orig_name":"w_i[0]"},
{"name":"state[1]","orig_name":"state[1]"},
{"name":"state[0]","orig_name":"state[0]"}
]
},
{
"object":"shift_1",
"hdl_name":"shift_1",
"ports":
[
{"name":"clk","orig_name":"clk"},
{"name":"rst_n","orig_name":"rst_n"},
{"name":"in_valid","orig_name":"in_valid"},
{"name":"din_r[23]","orig_name":"din_r[23]"},
{"name":"din_r[22]","orig_name":"din_r[22]"},
{"name":"din_r[21]","orig_name":"din_r[21]"},
{"name":"din_r[20]","orig_name":"din_r[20]"},
{"name":"din_r[19]","orig_name":"din_r[19]"},
{"name":"din_r[18]","orig_name":"din_r[18]"},
{"name":"din_r[17]","orig_name":"din_r[17]"},
{"name":"din_r[16]","orig_name":"din_r[16]"},
{"name":"din_r[15]","orig_name":"din_r[15]"},
{"name":"din_r[14]","orig_name":"din_r[14]"},
{"name":"din_r[13]","orig_name":"din_r[13]"},
{"name":"din_r[12]","orig_name":"din_r[12]"},
{"name":"din_r[11]","orig_name":"din_r[11]"},
{"name":"din_r[10]","orig_name":"din_r[10]"},
{"name":"din_r[9]","orig_name":"din_r[9]"},
{"name":"din_r[8]","orig_name":"din_r[8]"},
{"name":"din_r[7]","orig_name":"din_r[7]"},
{"name":"din_r[6]","orig_name":"din_r[6]"},
{"name":"din_r[5]","orig_name":"din_r[5]"},
{"name":"din_r[4]","orig_name":"din_r[4]"},
{"name":"din_r[3]","orig_name":"din_r[3]"},
{"name":"din_r[2]","orig_name":"din_r[2]"},
{"name":"din_r[1]","orig_name":"din_r[1]"},
{"name":"din_r[0]","orig_name":"din_r[0]"},
{"name":"din_i[23]","orig_name":"din_i[23]"},
{"name":"din_i[22]","orig_name":"din_i[22]"},
{"name":"din_i[21]","orig_name":"din_i[21]"},
{"name":"din_i[20]","orig_name":"din_i[20]"},
{"name":"din_i[19]","orig_name":"din_i[19]"},
{"name":"din_i[18]","orig_name":"din_i[18]"},
{"name":"din_i[17]","orig_name":"din_i[17]"},
{"name":"din_i[16]","orig_name":"din_i[16]"},
{"name":"din_i[15]","orig_name":"din_i[15]"},
{"name":"din_i[14]","orig_name":"din_i[14]"},
{"name":"din_i[13]","orig_name":"din_i[13]"},
{"name":"din_i[12]","orig_name":"din_i[12]"},
{"name":"din_i[11]","orig_name":"din_i[11]"},
{"name":"din_i[10]","orig_name":"din_i[10]"},
{"name":"din_i[9]","orig_name":"din_i[9]"},
{"name":"din_i[8]","orig_name":"din_i[8]"},
{"name":"din_i[7]","orig_name":"din_i[7]"},
{"name":"din_i[6]","orig_name":"din_i[6]"},
{"name":"din_i[5]","orig_name":"din_i[5]"},
{"name":"din_i[4]","orig_name":"din_i[4]"},
{"name":"din_i[3]","orig_name":"din_i[3]"},
{"name":"din_i[2]","orig_name":"din_i[2]"},
{"name":"din_i[1]","orig_name":"din_i[1]"},
{"name":"din_i[0]","orig_name":"din_i[0]"},
{"name":"dout_r[23]","orig_name":"dout_r[23]"},
{"name":"dout_r[22]","orig_name":"dout_r[22]"},
{"name":"dout_r[21]","orig_name":"dout_r[21]"},
{"name":"dout_r[20]","orig_name":"dout_r[20]"},
{"name":"dout_r[19]","orig_name":"dout_r[19]"},
{"name":"dout_r[18]","orig_name":"dout_r[18]"},
{"name":"dout_r[17]","orig_name":"dout_r[17]"},
{"name":"dout_r[16]","orig_name":"dout_r[16]"},
{"name":"dout_r[15]","orig_name":"dout_r[15]"},
{"name":"dout_r[14]","orig_name":"dout_r[14]"},
{"name":"dout_r[13]","orig_name":"dout_r[13]"},
{"name":"dout_r[12]","orig_name":"dout_r[12]"},
{"name":"dout_r[11]","orig_name":"dout_r[11]"},
{"name":"dout_r[10]","orig_name":"dout_r[10]"},
{"name":"dout_r[9]","orig_name":"dout_r[9]"},
{"name":"dout_r[8]","orig_name":"dout_r[8]"},
{"name":"dout_r[7]","orig_name":"dout_r[7]"},
{"name":"dout_r[6]","orig_name":"dout_r[6]"},
{"name":"dout_r[5]","orig_name":"dout_r[5]"},
{"name":"dout_r[4]","orig_name":"dout_r[4]"},
{"name":"dout_r[3]","orig_name":"dout_r[3]"},
{"name":"dout_r[2]","orig_name":"dout_r[2]"},
{"name":"dout_r[1]","orig_name":"dout_r[1]"},
{"name":"dout_r[0]","orig_name":"dout_r[0]"},
{"name":"dout_i[23]","orig_name":"dout_i[23]"},
{"name":"dout_i[22]","orig_name":"dout_i[22]"},
{"name":"dout_i[21]","orig_name":"dout_i[21]"},
{"name":"dout_i[20]","orig_name":"dout_i[20]"},
{"name":"dout_i[19]","orig_name":"dout_i[19]"},
{"name":"dout_i[18]","orig_name":"dout_i[18]"},
{"name":"dout_i[17]","orig_name":"dout_i[17]"},
{"name":"dout_i[16]","orig_name":"dout_i[16]"},
{"name":"dout_i[15]","orig_name":"dout_i[15]"},
{"name":"dout_i[14]","orig_name":"dout_i[14]"},
{"name":"dout_i[13]","orig_name":"dout_i[13]"},
{"name":"dout_i[12]","orig_name":"dout_i[12]"},
{"name":"dout_i[11]","orig_name":"dout_i[11]"},
{"name":"dout_i[10]","orig_name":"dout_i[10]"},
{"name":"dout_i[9]","orig_name":"dout_i[9]"},
{"name":"dout_i[8]","orig_name":"dout_i[8]"},
{"name":"dout_i[7]","orig_name":"dout_i[7]"},
{"name":"dout_i[6]","orig_name":"dout_i[6]"},
{"name":"dout_i[5]","orig_name":"dout_i[5]"},
{"name":"dout_i[4]","orig_name":"dout_i[4]"},
{"name":"dout_i[3]","orig_name":"dout_i[3]"},
{"name":"dout_i[2]","orig_name":"dout_i[2]"},
{"name":"dout_i[1]","orig_name":"dout_i[1]"},
{"name":"dout_i[0]","orig_name":"dout_i[0]"}
]
},
{
"object":"shift_2",
"hdl_name":"shift_2",
"ports":
[
{"name":"clk","orig_name":"clk"},
{"name":"rst_n","orig_name":"rst_n"},
{"name":"in_valid","orig_name":"in_valid"},
{"name":"din_r[23]","orig_name":"din_r[23]"},
{"name":"din_r[22]","orig_name":"din_r[22]"},
{"name":"din_r[21]","orig_name":"din_r[21]"},
{"name":"din_r[20]","orig_name":"din_r[20]"},
{"name":"din_r[19]","orig_name":"din_r[19]"},
{"name":"din_r[18]","orig_name":"din_r[18]"},
{"name":"din_r[17]","orig_name":"din_r[17]"},
{"name":"din_r[16]","orig_name":"din_r[16]"},
{"name":"din_r[15]","orig_name":"din_r[15]"},
{"name":"din_r[14]","orig_name":"din_r[14]"},
{"name":"din_r[13]","orig_name":"din_r[13]"},
{"name":"din_r[12]","orig_name":"din_r[12]"},
{"name":"din_r[11]","orig_name":"din_r[11]"},
{"name":"din_r[10]","orig_name":"din_r[10]"},
{"name":"din_r[9]","orig_name":"din_r[9]"},
{"name":"din_r[8]","orig_name":"din_r[8]"},
{"name":"din_r[7]","orig_name":"din_r[7]"},
{"name":"din_r[6]","orig_name":"din_r[6]"},
{"name":"din_r[5]","orig_name":"din_r[5]"},
{"name":"din_r[4]","orig_name":"din_r[4]"},
{"name":"din_r[3]","orig_name":"din_r[3]"},
{"name":"din_r[2]","orig_name":"din_r[2]"},
{"name":"din_r[1]","orig_name":"din_r[1]"},
{"name":"din_r[0]","orig_name":"din_r[0]"},
{"name":"din_i[23]","orig_name":"din_i[23]"},
{"name":"din_i[22]","orig_name":"din_i[22]"},
{"name":"din_i[21]","orig_name":"din_i[21]"},
{"name":"din_i[20]","orig_name":"din_i[20]"},
{"name":"din_i[19]","orig_name":"din_i[19]"},
{"name":"din_i[18]","orig_name":"din_i[18]"},
{"name":"din_i[17]","orig_name":"din_i[17]"},
{"name":"din_i[16]","orig_name":"din_i[16]"},
{"name":"din_i[15]","orig_name":"din_i[15]"},
{"name":"din_i[14]","orig_name":"din_i[14]"},
{"name":"din_i[13]","orig_name":"din_i[13]"},
{"name":"din_i[12]","orig_name":"din_i[12]"},
{"name":"din_i[11]","orig_name":"din_i[11]"},
{"name":"din_i[10]","orig_name":"din_i[10]"},
{"name":"din_i[9]","orig_name":"din_i[9]"},
{"name":"din_i[8]","orig_name":"din_i[8]"},
{"name":"din_i[7]","orig_name":"din_i[7]"},
{"name":"din_i[6]","orig_name":"din_i[6]"},
{"name":"din_i[5]","orig_name":"din_i[5]"},
{"name":"din_i[4]","orig_name":"din_i[4]"},
{"name":"din_i[3]","orig_name":"din_i[3]"},
{"name":"din_i[2]","orig_name":"din_i[2]"},
{"name":"din_i[1]","orig_name":"din_i[1]"},
{"name":"din_i[0]","orig_name":"din_i[0]"},
{"name":"dout_r[23]","orig_name":"dout_r[23]"},
{"name":"dout_r[22]","orig_name":"dout_r[22]"},
{"name":"dout_r[21]","orig_name":"dout_r[21]"},
{"name":"dout_r[20]","orig_name":"dout_r[20]"},
{"name":"dout_r[19]","orig_name":"dout_r[19]"},
{"name":"dout_r[18]","orig_name":"dout_r[18]"},
{"name":"dout_r[17]","orig_name":"dout_r[17]"},
{"name":"dout_r[16]","orig_name":"dout_r[16]"},
{"name":"dout_r[15]","orig_name":"dout_r[15]"},
{"name":"dout_r[14]","orig_name":"dout_r[14]"},
{"name":"dout_r[13]","orig_name":"dout_r[13]"},
{"name":"dout_r[12]","orig_name":"dout_r[12]"},
{"name":"dout_r[11]","orig_name":"dout_r[11]"},
{"name":"dout_r[10]","orig_name":"dout_r[10]"},
{"name":"dout_r[9]","orig_name":"dout_r[9]"},
{"name":"dout_r[8]","orig_name":"dout_r[8]"},
{"name":"dout_r[7]","orig_name":"dout_r[7]"},
{"name":"dout_r[6]","orig_name":"dout_r[6]"},
{"name":"dout_r[5]","orig_name":"dout_r[5]"},
{"name":"dout_r[4]","orig_name":"dout_r[4]"},
{"name":"dout_r[3]","orig_name":"dout_r[3]"},
{"name":"dout_r[2]","orig_name":"dout_r[2]"},
{"name":"dout_r[1]","orig_name":"dout_r[1]"},
{"name":"dout_r[0]","orig_name":"dout_r[0]"},
{"name":"dout_i[23]","orig_name":"dout_i[23]"},
{"name":"dout_i[22]","orig_name":"dout_i[22]"},
{"name":"dout_i[21]","orig_name":"dout_i[21]"},
{"name":"dout_i[20]","orig_name":"dout_i[20]"},
{"name":"dout_i[19]","orig_name":"dout_i[19]"},
{"name":"dout_i[18]","orig_name":"dout_i[18]"},
{"name":"dout_i[17]","orig_name":"dout_i[17]"},
{"name":"dout_i[16]","orig_name":"dout_i[16]"},
{"name":"dout_i[15]","orig_name":"dout_i[15]"},
{"name":"dout_i[14]","orig_name":"dout_i[14]"},
{"name":"dout_i[13]","orig_name":"dout_i[13]"},
{"name":"dout_i[12]","orig_name":"dout_i[12]"},
{"name":"dout_i[11]","orig_name":"dout_i[11]"},
{"name":"dout_i[10]","orig_name":"dout_i[10]"},
{"name":"dout_i[9]","orig_name":"dout_i[9]"},
{"name":"dout_i[8]","orig_name":"dout_i[8]"},
{"name":"dout_i[7]","orig_name":"dout_i[7]"},
{"name":"dout_i[6]","orig_name":"dout_i[6]"},
{"name":"dout_i[5]","orig_name":"dout_i[5]"},
{"name":"dout_i[4]","orig_name":"dout_i[4]"},
{"name":"dout_i[3]","orig_name":"dout_i[3]"},
{"name":"dout_i[2]","orig_name":"dout_i[2]"},
{"name":"dout_i[1]","orig_name":"dout_i[1]"},
{"name":"dout_i[0]","orig_name":"dout_i[0]"}
]
},
{
"object":"shift_4",
"hdl_name":"shift_4",
"ports":
[
{"name":"clk","orig_name":"clk"},
{"name":"rst_n","orig_name":"rst_n"},
{"name":"in_valid","orig_name":"in_valid"},
{"name":"din_r[23]","orig_name":"din_r[23]"},
{"name":"din_r[22]","orig_name":"din_r[22]"},
{"name":"din_r[21]","orig_name":"din_r[21]"},
{"name":"din_r[20]","orig_name":"din_r[20]"},
{"name":"din_r[19]","orig_name":"din_r[19]"},
{"name":"din_r[18]","orig_name":"din_r[18]"},
{"name":"din_r[17]","orig_name":"din_r[17]"},
{"name":"din_r[16]","orig_name":"din_r[16]"},
{"name":"din_r[15]","orig_name":"din_r[15]"},
{"name":"din_r[14]","orig_name":"din_r[14]"},
{"name":"din_r[13]","orig_name":"din_r[13]"},
{"name":"din_r[12]","orig_name":"din_r[12]"},
{"name":"din_r[11]","orig_name":"din_r[11]"},
{"name":"din_r[10]","orig_name":"din_r[10]"},
{"name":"din_r[9]","orig_name":"din_r[9]"},
{"name":"din_r[8]","orig_name":"din_r[8]"},
{"name":"din_r[7]","orig_name":"din_r[7]"},
{"name":"din_r[6]","orig_name":"din_r[6]"},
{"name":"din_r[5]","orig_name":"din_r[5]"},
{"name":"din_r[4]","orig_name":"din_r[4]"},
{"name":"din_r[3]","orig_name":"din_r[3]"},
{"name":"din_r[2]","orig_name":"din_r[2]"},
{"name":"din_r[1]","orig_name":"din_r[1]"},
{"name":"din_r[0]","orig_name":"din_r[0]"},
{"name":"din_i[23]","orig_name":"din_i[23]"},
{"name":"din_i[22]","orig_name":"din_i[22]"},
{"name":"din_i[21]","orig_name":"din_i[21]"},
{"name":"din_i[20]","orig_name":"din_i[20]"},
{"name":"din_i[19]","orig_name":"din_i[19]"},
{"name":"din_i[18]","orig_name":"din_i[18]"},
{"name":"din_i[17]","orig_name":"din_i[17]"},
{"name":"din_i[16]","orig_name":"din_i[16]"},
{"name":"din_i[15]","orig_name":"din_i[15]"},
{"name":"din_i[14]","orig_name":"din_i[14]"},
{"name":"din_i[13]","orig_name":"din_i[13]"},
{"name":"din_i[12]","orig_name":"din_i[12]"},
{"name":"din_i[11]","orig_name":"din_i[11]"},
{"name":"din_i[10]","orig_name":"din_i[10]"},
{"name":"din_i[9]","orig_name":"din_i[9]"},
{"name":"din_i[8]","orig_name":"din_i[8]"},
{"name":"din_i[7]","orig_name":"din_i[7]"},
{"name":"din_i[6]","orig_name":"din_i[6]"},
{"name":"din_i[5]","orig_name":"din_i[5]"},
{"name":"din_i[4]","orig_name":"din_i[4]"},
{"name":"din_i[3]","orig_name":"din_i[3]"},
{"name":"din_i[2]","orig_name":"din_i[2]"},
{"name":"din_i[1]","orig_name":"din_i[1]"},
{"name":"din_i[0]","orig_name":"din_i[0]"},
{"name":"dout_r[23]","orig_name":"dout_r[23]"},
{"name":"dout_r[22]","orig_name":"dout_r[22]"},
{"name":"dout_r[21]","orig_name":"dout_r[21]"},
{"name":"dout_r[20]","orig_name":"dout_r[20]"},
{"name":"dout_r[19]","orig_name":"dout_r[19]"},
{"name":"dout_r[18]","orig_name":"dout_r[18]"},
{"name":"dout_r[17]","orig_name":"dout_r[17]"},
{"name":"dout_r[16]","orig_name":"dout_r[16]"},
{"name":"dout_r[15]","orig_name":"dout_r[15]"},
{"name":"dout_r[14]","orig_name":"dout_r[14]"},
{"name":"dout_r[13]","orig_name":"dout_r[13]"},
{"name":"dout_r[12]","orig_name":"dout_r[12]"},
{"name":"dout_r[11]","orig_name":"dout_r[11]"},
{"name":"dout_r[10]","orig_name":"dout_r[10]"},
{"name":"dout_r[9]","orig_name":"dout_r[9]"},
{"name":"dout_r[8]","orig_name":"dout_r[8]"},
{"name":"dout_r[7]","orig_name":"dout_r[7]"},
{"name":"dout_r[6]","orig_name":"dout_r[6]"},
{"name":"dout_r[5]","orig_name":"dout_r[5]"},
{"name":"dout_r[4]","orig_name":"dout_r[4]"},
{"name":"dout_r[3]","orig_name":"dout_r[3]"},
{"name":"dout_r[2]","orig_name":"dout_r[2]"},
{"name":"dout_r[1]","orig_name":"dout_r[1]"},
{"name":"dout_r[0]","orig_name":"dout_r[0]"},
{"name":"dout_i[23]","orig_name":"dout_i[23]"},
{"name":"dout_i[22]","orig_name":"dout_i[22]"},
{"name":"dout_i[21]","orig_name":"dout_i[21]"},
{"name":"dout_i[20]","orig_name":"dout_i[20]"},
{"name":"dout_i[19]","orig_name":"dout_i[19]"},
{"name":"dout_i[18]","orig_name":"dout_i[18]"},
{"name":"dout_i[17]","orig_name":"dout_i[17]"},
{"name":"dout_i[16]","orig_name":"dout_i[16]"},
{"name":"dout_i[15]","orig_name":"dout_i[15]"},
{"name":"dout_i[14]","orig_name":"dout_i[14]"},
{"name":"dout_i[13]","orig_name":"dout_i[13]"},
{"name":"dout_i[12]","orig_name":"dout_i[12]"},
{"name":"dout_i[11]","orig_name":"dout_i[11]"},
{"name":"dout_i[10]","orig_name":"dout_i[10]"},
{"name":"dout_i[9]","orig_name":"dout_i[9]"},
{"name":"dout_i[8]","orig_name":"dout_i[8]"},
{"name":"dout_i[7]","orig_name":"dout_i[7]"},
{"name":"dout_i[6]","orig_name":"dout_i[6]"},
{"name":"dout_i[5]","orig_name":"dout_i[5]"},
{"name":"dout_i[4]","orig_name":"dout_i[4]"},
{"name":"dout_i[3]","orig_name":"dout_i[3]"},
{"name":"dout_i[2]","orig_name":"dout_i[2]"},
{"name":"dout_i[1]","orig_name":"dout_i[1]"},
{"name":"dout_i[0]","orig_name":"dout_i[0]"}
]
},
{
"object":"shift_8",
"hdl_name":"shift_8",
"ports":
[
{"name":"clk","orig_name":"clk"},
{"name":"rst_n","orig_name":"rst_n"},
{"name":"in_valid","orig_name":"in_valid"},
{"name":"din_r[23]","orig_name":"din_r[23]"},
{"name":"din_r[22]","orig_name":"din_r[22]"},
{"name":"din_r[21]","orig_name":"din_r[21]"},
{"name":"din_r[20]","orig_name":"din_r[20]"},
{"name":"din_r[19]","orig_name":"din_r[19]"},
{"name":"din_r[18]","orig_name":"din_r[18]"},
{"name":"din_r[17]","orig_name":"din_r[17]"},
{"name":"din_r[16]","orig_name":"din_r[16]"},
{"name":"din_r[15]","orig_name":"din_r[15]"},
{"name":"din_r[14]","orig_name":"din_r[14]"},
{"name":"din_r[13]","orig_name":"din_r[13]"},
{"name":"din_r[12]","orig_name":"din_r[12]"},
{"name":"din_r[11]","orig_name":"din_r[11]"},
{"name":"din_r[10]","orig_name":"din_r[10]"},
{"name":"din_r[9]","orig_name":"din_r[9]"},
{"name":"din_r[8]","orig_name":"din_r[8]"},
{"name":"din_r[7]","orig_name":"din_r[7]"},
{"name":"din_r[6]","orig_name":"din_r[6]"},
{"name":"din_r[5]","orig_name":"din_r[5]"},
{"name":"din_r[4]","orig_name":"din_r[4]"},
{"name":"din_r[3]","orig_name":"din_r[3]"},
{"name":"din_r[2]","orig_name":"din_r[2]"},
{"name":"din_r[1]","orig_name":"din_r[1]"},
{"name":"din_r[0]","orig_name":"din_r[0]"},
{"name":"din_i[23]","orig_name":"din_i[23]"},
{"name":"din_i[22]","orig_name":"din_i[22]"},
{"name":"din_i[21]","orig_name":"din_i[21]"},
{"name":"din_i[20]","orig_name":"din_i[20]"},
{"name":"din_i[19]","orig_name":"din_i[19]"},
{"name":"din_i[18]","orig_name":"din_i[18]"},
{"name":"din_i[17]","orig_name":"din_i[17]"},
{"name":"din_i[16]","orig_name":"din_i[16]"},
{"name":"din_i[15]","orig_name":"din_i[15]"},
{"name":"din_i[14]","orig_name":"din_i[14]"},
{"name":"din_i[13]","orig_name":"din_i[13]"},
{"name":"din_i[12]","orig_name":"din_i[12]"},
{"name":"din_i[11]","orig_name":"din_i[11]"},
{"name":"din_i[10]","orig_name":"din_i[10]"},
{"name":"din_i[9]","orig_name":"din_i[9]"},
{"name":"din_i[8]","orig_name":"din_i[8]"},
{"name":"din_i[7]","orig_name":"din_i[7]"},
{"name":"din_i[6]","orig_name":"din_i[6]"},
{"name":"din_i[5]","orig_name":"din_i[5]"},
{"name":"din_i[4]","orig_name":"din_i[4]"},
{"name":"din_i[3]","orig_name":"din_i[3]"},
{"name":"din_i[2]","orig_name":"din_i[2]"},
{"name":"din_i[1]","orig_name":"din_i[1]"},
{"name":"din_i[0]","orig_name":"din_i[0]"},
{"name":"dout_r[23]","orig_name":"dout_r[23]"},
{"name":"dout_r[22]","orig_name":"dout_r[22]"},
{"name":"dout_r[21]","orig_name":"dout_r[21]"},
{"name":"dout_r[20]","orig_name":"dout_r[20]"},
{"name":"dout_r[19]","orig_name":"dout_r[19]"},
{"name":"dout_r[18]","orig_name":"dout_r[18]"},
{"name":"dout_r[17]","orig_name":"dout_r[17]"},
{"name":"dout_r[16]","orig_name":"dout_r[16]"},
{"name":"dout_r[15]","orig_name":"dout_r[15]"},
{"name":"dout_r[14]","orig_name":"dout_r[14]"},
{"name":"dout_r[13]","orig_name":"dout_r[13]"},
{"name":"dout_r[12]","orig_name":"dout_r[12]"},
{"name":"dout_r[11]","orig_name":"dout_r[11]"},
{"name":"dout_r[10]","orig_name":"dout_r[10]"},
{"name":"dout_r[9]","orig_name":"dout_r[9]"},
{"name":"dout_r[8]","orig_name":"dout_r[8]"},
{"name":"dout_r[7]","orig_name":"dout_r[7]"},
{"name":"dout_r[6]","orig_name":"dout_r[6]"},
{"name":"dout_r[5]","orig_name":"dout_r[5]"},
{"name":"dout_r[4]","orig_name":"dout_r[4]"},
{"name":"dout_r[3]","orig_name":"dout_r[3]"},
{"name":"dout_r[2]","orig_name":"dout_r[2]"},
{"name":"dout_r[1]","orig_name":"dout_r[1]"},
{"name":"dout_r[0]","orig_name":"dout_r[0]"},
{"name":"dout_i[23]","orig_name":"dout_i[23]"},
{"name":"dout_i[22]","orig_name":"dout_i[22]"},
{"name":"dout_i[21]","orig_name":"dout_i[21]"},
{"name":"dout_i[20]","orig_name":"dout_i[20]"},
{"name":"dout_i[19]","orig_name":"dout_i[19]"},
{"name":"dout_i[18]","orig_name":"dout_i[18]"},
{"name":"dout_i[17]","orig_name":"dout_i[17]"},
{"name":"dout_i[16]","orig_name":"dout_i[16]"},
{"name":"dout_i[15]","orig_name":"dout_i[15]"},
{"name":"dout_i[14]","orig_name":"dout_i[14]"},
{"name":"dout_i[13]","orig_name":"dout_i[13]"},
{"name":"dout_i[12]","orig_name":"dout_i[12]"},
{"name":"dout_i[11]","orig_name":"dout_i[11]"},
{"name":"dout_i[10]","orig_name":"dout_i[10]"},
{"name":"dout_i[9]","orig_name":"dout_i[9]"},
{"name":"dout_i[8]","orig_name":"dout_i[8]"},
{"name":"dout_i[7]","orig_name":"dout_i[7]"},
{"name":"dout_i[6]","orig_name":"dout_i[6]"},
{"name":"dout_i[5]","orig_name":"dout_i[5]"},
{"name":"dout_i[4]","orig_name":"dout_i[4]"},
{"name":"dout_i[3]","orig_name":"dout_i[3]"},
{"name":"dout_i[2]","orig_name":"dout_i[2]"},
{"name":"dout_i[1]","orig_name":"dout_i[1]"},
{"name":"dout_i[0]","orig_name":"dout_i[0]"}
]
},
{
"object":"shift_16",
"hdl_name":"shift_16",
"ports":
[
{"name":"clk","orig_name":"clk"},
{"name":"rst_n","orig_name":"rst_n"},
{"name":"in_valid","orig_name":"in_valid"},
{"name":"din_r[23]","orig_name":"din_r[23]"},
{"name":"din_r[22]","orig_name":"din_r[22]"},
{"name":"din_r[21]","orig_name":"din_r[21]"},
{"name":"din_r[20]","orig_name":"din_r[20]"},
{"name":"din_r[19]","orig_name":"din_r[19]"},
{"name":"din_r[18]","orig_name":"din_r[18]"},
{"name":"din_r[17]","orig_name":"din_r[17]"},
{"name":"din_r[16]","orig_name":"din_r[16]"},
{"name":"din_r[15]","orig_name":"din_r[15]"},
{"name":"din_r[14]","orig_name":"din_r[14]"},
{"name":"din_r[13]","orig_name":"din_r[13]"},
{"name":"din_r[12]","orig_name":"din_r[12]"},
{"name":"din_r[11]","orig_name":"din_r[11]"},
{"name":"din_r[10]","orig_name":"din_r[10]"},
{"name":"din_r[9]","orig_name":"din_r[9]"},
{"name":"din_r[8]","orig_name":"din_r[8]"},
{"name":"din_r[7]","orig_name":"din_r[7]"},
{"name":"din_r[6]","orig_name":"din_r[6]"},
{"name":"din_r[5]","orig_name":"din_r[5]"},
{"name":"din_r[4]","orig_name":"din_r[4]"},
{"name":"din_r[3]","orig_name":"din_r[3]"},
{"name":"din_r[2]","orig_name":"din_r[2]"},
{"name":"din_r[1]","orig_name":"din_r[1]"},
{"name":"din_r[0]","orig_name":"din_r[0]"},
{"name":"din_i[23]","orig_name":"din_i[23]"},
{"name":"din_i[22]","orig_name":"din_i[22]"},
{"name":"din_i[21]","orig_name":"din_i[21]"},
{"name":"din_i[20]","orig_name":"din_i[20]"},
{"name":"din_i[19]","orig_name":"din_i[19]"},
{"name":"din_i[18]","orig_name":"din_i[18]"},
{"name":"din_i[17]","orig_name":"din_i[17]"},
{"name":"din_i[16]","orig_name":"din_i[16]"},
{"name":"din_i[15]","orig_name":"din_i[15]"},
{"name":"din_i[14]","orig_name":"din_i[14]"},
{"name":"din_i[13]","orig_name":"din_i[13]"},
{"name":"din_i[12]","orig_name":"din_i[12]"},
{"name":"din_i[11]","orig_name":"din_i[11]"},
{"name":"din_i[10]","orig_name":"din_i[10]"},
{"name":"din_i[9]","orig_name":"din_i[9]"},
{"name":"din_i[8]","orig_name":"din_i[8]"},
{"name":"din_i[7]","orig_name":"din_i[7]"},
{"name":"din_i[6]","orig_name":"din_i[6]"},
{"name":"din_i[5]","orig_name":"din_i[5]"},
{"name":"din_i[4]","orig_name":"din_i[4]"},
{"name":"din_i[3]","orig_name":"din_i[3]"},
{"name":"din_i[2]","orig_name":"din_i[2]"},
{"name":"din_i[1]","orig_name":"din_i[1]"},
{"name":"din_i[0]","orig_name":"din_i[0]"},
{"name":"dout_r[23]","orig_name":"dout_r[23]"},
{"name":"dout_r[22]","orig_name":"dout_r[22]"},
{"name":"dout_r[21]","orig_name":"dout_r[21]"},
{"name":"dout_r[20]","orig_name":"dout_r[20]"},
{"name":"dout_r[19]","orig_name":"dout_r[19]"},
{"name":"dout_r[18]","orig_name":"dout_r[18]"},
{"name":"dout_r[17]","orig_name":"dout_r[17]"},
{"name":"dout_r[16]","orig_name":"dout_r[16]"},
{"name":"dout_r[15]","orig_name":"dout_r[15]"},
{"name":"dout_r[14]","orig_name":"dout_r[14]"},
{"name":"dout_r[13]","orig_name":"dout_r[13]"},
{"name":"dout_r[12]","orig_name":"dout_r[12]"},
{"name":"dout_r[11]","orig_name":"dout_r[11]"},
{"name":"dout_r[10]","orig_name":"dout_r[10]"},
{"name":"dout_r[9]","orig_name":"dout_r[9]"},
{"name":"dout_r[8]","orig_name":"dout_r[8]"},
{"name":"dout_r[7]","orig_name":"dout_r[7]"},
{"name":"dout_r[6]","orig_name":"dout_r[6]"},
{"name":"dout_r[5]","orig_name":"dout_r[5]"},
{"name":"dout_r[4]","orig_name":"dout_r[4]"},
{"name":"dout_r[3]","orig_name":"dout_r[3]"},
{"name":"dout_r[2]","orig_name":"dout_r[2]"},
{"name":"dout_r[1]","orig_name":"dout_r[1]"},
{"name":"dout_r[0]","orig_name":"dout_r[0]"},
{"name":"dout_i[23]","orig_name":"dout_i[23]"},
{"name":"dout_i[22]","orig_name":"dout_i[22]"},
{"name":"dout_i[21]","orig_name":"dout_i[21]"},
{"name":"dout_i[20]","orig_name":"dout_i[20]"},
{"name":"dout_i[19]","orig_name":"dout_i[19]"},
{"name":"dout_i[18]","orig_name":"dout_i[18]"},
{"name":"dout_i[17]","orig_name":"dout_i[17]"},
{"name":"dout_i[16]","orig_name":"dout_i[16]"},
{"name":"dout_i[15]","orig_name":"dout_i[15]"},
{"name":"dout_i[14]","orig_name":"dout_i[14]"},
{"name":"dout_i[13]","orig_name":"dout_i[13]"},
{"name":"dout_i[12]","orig_name":"dout_i[12]"},
{"name":"dout_i[11]","orig_name":"dout_i[11]"},
{"name":"dout_i[10]","orig_name":"dout_i[10]"},
{"name":"dout_i[9]","orig_name":"dout_i[9]"},
{"name":"dout_i[8]","orig_name":"dout_i[8]"},
{"name":"dout_i[7]","orig_name":"dout_i[7]"},
{"name":"dout_i[6]","orig_name":"dout_i[6]"},
{"name":"dout_i[5]","orig_name":"dout_i[5]"},
{"name":"dout_i[4]","orig_name":"dout_i[4]"},
{"name":"dout_i[3]","orig_name":"dout_i[3]"},
{"name":"dout_i[2]","orig_name":"dout_i[2]"},
{"name":"dout_i[1]","orig_name":"dout_i[1]"},
{"name":"dout_i[0]","orig_name":"dout_i[0]"}
]
}
]
